,Unnamed: 0,Music,Techno,Movies,History,Mathematics,Pets,Spiders,Loneliness,Parents' advice,Internet usage,Finances,Age,Siblings,Gender,Village - town,Likes Techno
0,0,5.0,1.0,5.0,1.0,3.0,4.0,1.0,3.0,4.0,few hours a day,3.0,20.0,1.0,female,village,False
1,1,4.0,1.0,5.0,1.0,5.0,5.0,1.0,2.0,2.0,few hours a day,3.0,19.0,2.0,female,city,False
2,2,5.0,1.0,5.0,1.0,5.0,5.0,1.0,5.0,3.0,few hours a day,2.0,20.0,2.0,female,city,False
3,3,5.0,2.0,5.0,4.0,4.0,1.0,5.0,5.0,2.0,most of the day,2.0,22.0,1.0,female,city,False
4,4,5.0,2.0,5.0,3.0,2.0,1.0,1.0,3.0,3.0,few hours a day,4.0,20.0,1.0,female,village,False
5,5,5.0,1.0,5.0,5.0,2.0,2.0,1.0,2.0,3.0,few hours a day,2.0,20.0,1.0,male,city,False
6,6,5.0,5.0,4.0,3.0,1.0,5.0,1.0,3.0,4.0,less than an hour a day,4.0,20.0,1.0,female,village,True
7,7,5.0,3.0,5.0,5.0,1.0,5.0,1.0,2.0,3.0,few hours a day,3.0,19.0,1.0,male,city,False
8,8,5.0,1.0,5.0,3.0,1.0,1.0,5.0,4.0,4.0,few hours a day,2.0,18.0,1.0,female,city,False
9,9,5.0,1.0,5.0,3.0,3.0,2.0,3.0,2.0,3.0,few hours a day,4.0,19.0,3.0,female,city,False
10,10,5.0,4.0,5.0,3.0,2.0,5.0,2.0,2.0,4.0,less than an hour a day,2.0,19.0,2.0,female,city,True
11,11,5.0,1.0,5.0,2.0,1.0,1.0,5.0,4.0,4.0,few hours a day,2.0,17.0,1.0,female,city,False
12,12,5.0,1.0,5.0,4.0,1.0,2.0,1.0,5.0,4.0,few hours a day,4.0,24.0,10.0,female,city,False
13,13,5.0,1.0,5.0,2.0,1.0,5.0,3.0,2.0,3.0,few hours a day,3.0,19.0,1.0,female,city,False
14,14,5.0,1.0,4.0,2.0,1.0,5.0,2.0,2.0,4.0,most of the day,5.0,22.0,1.0,female,city,False
15,15,1.0,1.0,5.0,5.0,3.0,1.0,1.0,4.0,4.0,few hours a day,3.0,18.0,0.0,male,city,False
16,16,5.0,4.0,5.0,1.0,1.0,5.0,5.0,2.0,3.0,few hours a day,3.0,19.0,2.0,female,city,True
17,17,5.0,1.0,5.0,3.0,1.0,5.0,4.0,4.0,1.0,few hours a day,1.0,20.0,1.0,female,village,False
18,18,5.0,4.0,5.0,3.0,5.0,4.0,1.0,4.0,3.0,few hours a day,4.0,18.0,2.0,male,city,True
19,19,5.0,3.0,3.0,2.0,3.0,1.0,4.0,2.0,2.0,few hours a day,2.0,18.0,1.0,male,city,False
20,20,5.0,3.0,5.0,5.0,2.0,3.0,2.0,2.0,3.0,few hours a day,2.0,20.0,1.0,male,city,False
21,21,5.0,1.0,5.0,4.0,3.0,5.0,1.0,4.0,3.0,few hours a day,2.0,24.0,1.0,male,city,False
22,22,5.0,3.0,5.0,3.0,1.0,5.0,5.0,3.0,3.0,few hours a day,5.0,22.0,1.0,female,city,False
23,23,5.0,1.0,5.0,2.0,2.0,5.0,3.0,3.0,2.0,few hours a day,2.0,20.0,3.0,female,city,False
24,24,5.0,3.0,5.0,4.0,2.0,3.0,5.0,4.0,4.0,few hours a day,3.0,19.0,1.0,female,city,False
25,25,5.0,2.0,5.0,2.0,3.0,3.0,5.0,2.0,4.0,few hours a day,2.0,20.0,1.0,female,city,False
26,26,5.0,2.0,5.0,3.0,2.0,5.0,1.0,4.0,5.0,few hours a day,5.0,22.0,1.0,female,city,False
27,27,4.0,4.0,5.0,2.0,1.0,5.0,5.0,3.0,4.0,few hours a day,3.0,19.0,1.0,female,city,True
28,28,5.0,3.0,5.0,5.0,1.0,3.0,4.0,3.0,3.0,few hours a day,3.0,20.0,2.0,male,village,False
29,29,5.0,3.0,5.0,5.0,2.0,2.0,5.0,3.0,3.0,few hours a day,4.0,19.0,2.0,female,village,False
30,30,4.0,3.0,5.0,2.0,1.0,3.0,5.0,2.0,3.0,few hours a day,2.0,25.0,1.0,male,city,False
31,31,4.0,1.0,4.0,4.0,2.0,1.0,2.0,2.0,3.0,less than an hour a day,4.0,22.0,1.0,female,city,False
32,32,5.0,3.0,5.0,4.0,1.0,5.0,5.0,1.0,3.0,few hours a day,1.0,20.0,4.0,female,city,False
33,33,5.0,1.0,4.0,5.0,2.0,5.0,4.0,3.0,4.0,few hours a day,2.0,27.0,1.0,female,city,False
34,34,5.0,1.0,5.0,4.0,3.0,1.0,2.0,2.0,2.0,few hours a day,3.0,20.0,5.0,male,city,False
35,35,5.0,1.0,5.0,1.0,1.0,5.0,4.0,3.0,3.0,few hours a day,3.0,19.0,1.0,female,village,False
36,36,5.0,1.0,5.0,4.0,3.0,5.0,5.0,2.0,5.0,few hours a day,5.0,18.0,1.0,female,city,False
37,37,5.0,1.0,4.0,3.0,3.0,3.0,NaN,3.0,3.0,few hours a day,3.0,21.0,1.0,male,city,False
38,38,5.0,4.0,5.0,3.0,3.0,5.0,5.0,4.0,4.0,few hours a day,5.0,23.0,1.0,female,village,True
39,39,5.0,2.0,4.0,4.0,1.0,5.0,5.0,4.0,3.0,few hours a day,3.0,21.0,1.0,female,city,False
40,40,4.0,3.0,5.0,2.0,2.0,2.0,5.0,3.0,1.0,few hours a day,3.0,26.0,1.0,female,city,False
41,41,5.0,5.0,3.0,5.0,5.0,3.0,1.0,1.0,3.0,few hours a day,3.0,20.0,3.0,male,city,True
42,42,5.0,3.0,5.0,2.0,5.0,5.0,5.0,3.0,2.0,few hours a day,5.0,19.0,0.0,female,city,False
43,43,5.0,3.0,5.0,2.0,1.0,5.0,5.0,3.0,3.0,most of the day,3.0,20.0,1.0,female,city,False
44,44,4.0,4.0,5.0,4.0,3.0,5.0,5.0,4.0,3.0,few hours a day,4.0,25.0,1.0,female,village,True
45,45,5.0,3.0,5.0,5.0,5.0,4.0,5.0,4.0,1.0,most of the day,4.0,27.0,1.0,male,NaN,False
46,46,5.0,2.0,5.0,4.0,2.0,4.0,1.0,2.0,4.0,few hours a day,3.0,21.0,1.0,female,city,False
47,47,5.0,2.0,5.0,2.0,2.0,5.0,1.0,2.0,3.0,few hours a day,3.0,19.0,1.0,female,city,False
48,48,5.0,2.0,3.0,2.0,2.0,2.0,2.0,5.0,3.0,few hours a day,4.0,20.0,1.0,female,village,False
49,49,5.0,2.0,5.0,2.0,1.0,5.0,5.0,4.0,3.0,few hours a day,4.0,20.0,1.0,female,city,False
50,50,4.0,1.0,5.0,3.0,4.0,5.0,2.0,3.0,3.0,few hours a day,4.0,19.0,2.0,female,city,False
51,51,5.0,3.0,5.0,2.0,5.0,4.0,5.0,2.0,4.0,less than an hour a day,5.0,19.0,1.0,female,city,False
52,52,5.0,2.0,5.0,5.0,3.0,3.0,5.0,3.0,3.0,few hours a day,1.0,21.0,2.0,female,village,False
53,53,5.0,2.0,5.0,3.0,1.0,1.0,5.0,3.0,4.0,less than an hour a day,3.0,18.0,4.0,female,city,False
54,54,5.0,4.0,5.0,5.0,1.0,1.0,3.0,3.0,3.0,few hours a day,3.0,21.0,2.0,female,city,True
55,55,5.0,5.0,5.0,4.0,2.0,5.0,5.0,3.0,2.0,few hours a day,5.0,23.0,1.0,female,village,True
56,56,5.0,1.0,5.0,3.0,4.0,3.0,3.0,5.0,3.0,few hours a day,3.0,20.0,2.0,female,city,False
57,57,5.0,1.0,5.0,5.0,1.0,5.0,5.0,2.0,5.0,few hours a day,5.0,21.0,1.0,female,city,False
58,58,5.0,3.0,5.0,3.0,3.0,3.0,1.0,5.0,4.0,few hours a day,5.0,19.0,1.0,male,village,False
59,59,5.0,4.0,5.0,4.0,1.0,1.0,2.0,3.0,3.0,few hours a day,1.0,22.0,1.0,male,city,True
60,60,5.0,1.0,5.0,4.0,4.0,1.0,2.0,4.0,3.0,most of the day,5.0,23.0,1.0,male,city,False
61,61,5.0,4.0,5.0,3.0,3.0,5.0,3.0,4.0,4.0,few hours a day,2.0,23.0,1.0,male,city,True
62,62,5.0,5.0,5.0,5.0,4.0,1.0,5.0,1.0,4.0,few hours a day,3.0,23.0,2.0,male,city,True
63,63,5.0,5.0,5.0,4.0,NaN,3.0,NaN,2.0,3.0,few hours a day,3.0,22.0,2.0,male,city,True
64,64,5.0,2.0,5.0,1.0,1.0,5.0,5.0,1.0,4.0,most of the day,1.0,18.0,0.0,female,city,False
65,65,4.0,4.0,5.0,5.0,2.0,3.0,1.0,3.0,3.0,few hours a day,1.0,17.0,1.0,male,city,True
66,66,4.0,5.0,4.0,3.0,5.0,1.0,1.0,3.0,3.0,less than an hour a day,3.0,20.0,1.0,male,village,True
67,67,3.0,1.0,5.0,2.0,4.0,4.0,1.0,2.0,2.0,few hours a day,3.0,24.0,0.0,female,village,False
68,68,5.0,4.0,5.0,2.0,5.0,4.0,4.0,4.0,2.0,few hours a day,1.0,18.0,1.0,female,village,True
69,69,5.0,1.0,5.0,2.0,1.0,4.0,1.0,3.0,4.0,most of the day,1.0,20.0,3.0,female,city,False
70,70,5.0,3.0,5.0,2.0,1.0,2.0,4.0,3.0,5.0,few hours a day,3.0,17.0,1.0,male,city,False
71,71,4.0,3.0,4.0,5.0,2.0,5.0,3.0,3.0,3.0,few hours a day,4.0,20.0,1.0,male,city,False
72,72,5.0,1.0,5.0,3.0,1.0,2.0,5.0,5.0,3.0,few hours a day,3.0,28.0,1.0,female,city,False
73,73,5.0,3.0,5.0,4.0,1.0,5.0,3.0,3.0,4.0,few hours a day,3.0,21.0,1.0,male,city,False
74,74,5.0,2.0,5.0,4.0,1.0,3.0,3.0,3.0,4.0,few hours a day,5.0,22.0,1.0,male,city,False
75,75,5.0,1.0,4.0,5.0,2.0,4.0,1.0,2.0,3.0,few hours a day,3.0,20.0,1.0,male,village,False
76,76,4.0,1.0,4.0,2.0,1.0,3.0,1.0,2.0,4.0,few hours a day,2.0,18.0,1.0,male,city,False
77,77,5.0,5.0,5.0,4.0,1.0,1.0,5.0,1.0,4.0,few hours a day,1.0,21.0,1.0,female,city,True
78,78,4.0,4.0,5.0,2.0,3.0,3.0,3.0,2.0,4.0,few hours a day,4.0,24.0,1.0,female,village,True
79,79,5.0,4.0,5.0,4.0,2.0,5.0,5.0,3.0,4.0,few hours a day,4.0,21.0,2.0,female,city,True
80,80,5.0,3.0,5.0,5.0,1.0,5.0,3.0,3.0,3.0,few hours a day,3.0,19.0,1.0,female,city,False
81,81,5.0,3.0,5.0,3.0,1.0,2.0,1.0,3.0,3.0,few hours a day,3.0,22.0,1.0,male,city,False
82,82,5.0,1.0,5.0,4.0,1.0,5.0,3.0,5.0,3.0,few hours a day,3.0,18.0,1.0,female,city,False
83,83,5.0,5.0,5.0,NaN,1.0,5.0,5.0,2.0,2.0,few hours a day,3.0,22.0,2.0,female,city,True
84,84,5.0,1.0,5.0,5.0,1.0,5.0,3.0,3.0,4.0,few hours a day,1.0,19.0,0.0,female,city,False
85,85,5.0,4.0,5.0,4.0,5.0,1.0,2.0,3.0,2.0,most of the day,2.0,22.0,2.0,male,city,True
86,86,4.0,3.0,5.0,5.0,4.0,2.0,2.0,4.0,4.0,few hours a day,2.0,24.0,3.0,male,city,False
87,87,5.0,2.0,5.0,5.0,NaN,3.0,3.0,1.0,3.0,few hours a day,2.0,18.0,3.0,female,village,False
88,88,5.0,5.0,5.0,5.0,1.0,5.0,5.0,5.0,5.0,few hours a day,1.0,21.0,0.0,female,city,True
89,89,5.0,1.0,5.0,3.0,1.0,2.0,2.0,3.0,4.0,few hours a day,4.0,22.0,2.0,female,village,False
90,90,4.0,1.0,4.0,1.0,1.0,3.0,5.0,3.0,3.0,most of the day,1.0,19.0,3.0,female,village,False
91,91,5.0,1.0,5.0,1.0,1.0,1.0,5.0,2.0,4.0,few hours a day,5.0,18.0,4.0,female,village,False
92,92,5.0,1.0,5.0,4.0,3.0,3.0,1.0,4.0,4.0,few hours a day,4.0,19.0,0.0,female,city,False
93,93,5.0,1.0,4.0,2.0,4.0,3.0,2.0,3.0,2.0,few hours a day,4.0,24.0,2.0,male,village,False
94,94,5.0,4.0,5.0,3.0,1.0,3.0,2.0,2.0,1.0,most of the day,3.0,21.0,1.0,male,city,True
95,95,5.0,2.0,5.0,4.0,1.0,4.0,4.0,4.0,2.0,few hours a day,1.0,21.0,1.0,male,city,False
96,96,5.0,4.0,2.0,1.0,1.0,1.0,4.0,2.0,2.0,few hours a day,1.0,19.0,1.0,male,city,True
97,97,5.0,2.0,5.0,3.0,4.0,5.0,2.0,5.0,3.0,most of the day,2.0,19.0,1.0,male,village,False
98,98,3.0,3.0,3.0,1.0,1.0,1.0,5.0,5.0,1.0,few hours a day,3.0,22.0,1.0,male,village,False
99,99,5.0,1.0,3.0,3.0,5.0,4.0,5.0,3.0,4.0,less than an hour a day,4.0,18.0,1.0,female,city,False
100,100,5.0,2.0,5.0,3.0,2.0,2.0,4.0,3.0,4.0,few hours a day,4.0,21.0,1.0,female,city,False
101,101,5.0,1.0,4.0,5.0,1.0,3.0,5.0,3.0,3.0,few hours a day,2.0,18.0,1.0,male,village,False
102,102,5.0,1.0,5.0,5.0,4.0,1.0,1.0,3.0,3.0,few hours a day,3.0,20.0,0.0,female,city,False
103,103,5.0,4.0,5.0,5.0,2.0,1.0,4.0,2.0,5.0,few hours a day,4.0,22.0,0.0,male,city,True
104,104,4.0,3.0,4.0,5.0,2.0,2.0,1.0,1.0,4.0,few hours a day,2.0,21.0,1.0,male,village,False
105,105,5.0,1.0,4.0,4.0,1.0,4.0,1.0,2.0,3.0,few hours a day,4.0,24.0,1.0,male,village,False
106,106,5.0,3.0,5.0,4.0,3.0,1.0,2.0,4.0,3.0,few hours a day,4.0,19.0,1.0,male,city,False
107,107,5.0,1.0,3.0,1.0,1.0,4.0,1.0,1.0,5.0,less than an hour a day,1.0,18.0,1.0,female,city,False
108,108,4.0,2.0,5.0,1.0,3.0,3.0,5.0,5.0,2.0,few hours a day,1.0,17.0,1.0,female,city,False
109,109,5.0,1.0,5.0,3.0,2.0,1.0,1.0,4.0,3.0,few hours a day,4.0,18.0,0.0,male,city,False
110,110,5.0,4.0,4.0,3.0,2.0,3.0,4.0,3.0,3.0,few hours a day,4.0,21.0,1.0,male,city,True
111,111,5.0,4.0,4.0,3.0,1.0,1.0,5.0,5.0,3.0,most of the day,2.0,22.0,1.0,female,village,True
112,112,5.0,4.0,5.0,2.0,2.0,3.0,4.0,3.0,3.0,less than an hour a day,4.0,20.0,1.0,female,city,True
113,113,3.0,5.0,4.0,2.0,1.0,5.0,3.0,2.0,4.0,few hours a day,2.0,21.0,1.0,female,village,True
114,114,5.0,1.0,5.0,5.0,1.0,5.0,5.0,2.0,4.0,less than an hour a day,4.0,19.0,1.0,female,city,False
115,115,5.0,3.0,5.0,2.0,1.0,3.0,5.0,5.0,3.0,few hours a day,3.0,17.0,0.0,female,city,False
116,116,5.0,1.0,4.0,2.0,1.0,4.0,5.0,5.0,4.0,few hours a day,3.0,21.0,1.0,female,city,False
117,117,5.0,1.0,4.0,2.0,5.0,5.0,3.0,4.0,4.0,few hours a day,3.0,18.0,3.0,female,village,False
118,118,5.0,1.0,5.0,3.0,4.0,4.0,2.0,3.0,3.0,few hours a day,4.0,23.0,1.0,male,city,False
119,119,4.0,3.0,3.0,4.0,4.0,3.0,2.0,2.0,4.0,few hours a day,5.0,16.0,1.0,female,village,False
120,120,5.0,3.0,3.0,5.0,5.0,5.0,1.0,2.0,2.0,most of the day,4.0,23.0,0.0,male,city,False
121,121,4.0,3.0,4.0,1.0,4.0,3.0,1.0,2.0,2.0,few hours a day,2.0,21.0,2.0,male,city,False
122,122,5.0,1.0,4.0,5.0,1.0,4.0,2.0,2.0,3.0,few hours a day,4.0,23.0,0.0,female,city,False
123,123,5.0,1.0,3.0,2.0,1.0,4.0,1.0,3.0,3.0,few hours a day,4.0,20.0,0.0,female,village,False
124,124,4.0,1.0,4.0,4.0,1.0,4.0,1.0,2.0,3.0,few hours a day,3.0,20.0,4.0,male,city,False
125,125,5.0,2.0,5.0,4.0,2.0,5.0,4.0,3.0,4.0,few hours a day,3.0,20.0,1.0,female,city,False
126,126,3.0,1.0,3.0,5.0,2.0,1.0,1.0,4.0,3.0,few hours a day,4.0,20.0,2.0,female,village,False
127,127,4.0,3.0,5.0,4.0,3.0,2.0,2.0,3.0,2.0,most of the day,2.0,19.0,1.0,female,city,False
128,128,5.0,5.0,5.0,4.0,3.0,5.0,1.0,5.0,3.0,few hours a day,5.0,15.0,3.0,female,city,True
129,129,5.0,1.0,5.0,4.0,1.0,5.0,2.0,2.0,3.0,less than an hour a day,3.0,20.0,1.0,female,village,False
130,130,4.0,3.0,5.0,5.0,2.0,1.0,4.0,1.0,4.0,few hours a day,4.0,19.0,1.0,female,village,False
131,131,5.0,3.0,5.0,1.0,1.0,3.0,2.0,3.0,2.0,few hours a day,4.0,18.0,2.0,male,village,False
132,132,5.0,1.0,5.0,1.0,4.0,5.0,5.0,5.0,2.0,most of the day,5.0,15.0,1.0,female,village,False
133,133,5.0,1.0,5.0,4.0,1.0,4.0,4.0,2.0,4.0,less than an hour a day,2.0,20.0,2.0,female,city,False
134,134,5.0,4.0,5.0,3.0,1.0,4.0,5.0,5.0,1.0,few hours a day,1.0,16.0,1.0,female,village,True
135,135,5.0,1.0,4.0,5.0,3.0,5.0,5.0,3.0,3.0,few hours a day,4.0,18.0,1.0,male,village,False
136,136,5.0,1.0,5.0,4.0,2.0,3.0,5.0,4.0,4.0,few hours a day,3.0,21.0,1.0,male,village,False
137,137,5.0,2.0,2.0,4.0,3.0,1.0,3.0,5.0,5.0,few hours a day,4.0,NaN,NaN,NaN,village,False
138,138,5.0,1.0,5.0,2.0,1.0,3.0,1.0,4.0,5.0,few hours a day,4.0,20.0,4.0,female,village,False
139,139,5.0,3.0,5.0,1.0,2.0,5.0,3.0,4.0,4.0,few hours a day,2.0,19.0,1.0,female,village,False
140,140,5.0,3.0,5.0,5.0,2.0,5.0,2.0,3.0,4.0,few hours a day,3.0,19.0,3.0,female,city,False
141,141,3.0,2.0,3.0,3.0,5.0,5.0,1.0,3.0,3.0,few hours a day,1.0,19.0,1.0,female,city,False
142,142,5.0,2.0,4.0,1.0,2.0,1.0,4.0,3.0,2.0,most of the day,2.0,NaN,NaN,male,city,False
143,143,5.0,3.0,NaN,NaN,1.0,5.0,5.0,3.0,3.0,most of the day,2.0,20.0,1.0,female,city,False
144,144,5.0,4.0,5.0,3.0,1.0,3.0,1.0,4.0,1.0,few hours a day,5.0,21.0,1.0,male,city,True
145,145,1.0,3.0,4.0,2.0,1.0,2.0,5.0,3.0,3.0,few hours a day,2.0,19.0,1.0,female,village,False
146,146,5.0,NaN,5.0,5.0,1.0,4.0,1.0,3.0,2.0,few hours a day,5.0,21.0,1.0,male,city,False
147,147,5.0,1.0,5.0,4.0,5.0,3.0,2.0,4.0,4.0,most of the day,4.0,18.0,2.0,male,city,False
148,148,4.0,3.0,4.0,3.0,4.0,1.0,2.0,2.0,4.0,few hours a day,4.0,20.0,3.0,male,village,False
149,149,2.0,1.0,3.0,2.0,5.0,1.0,1.0,3.0,3.0,few hours a day,3.0,19.0,5.0,male,city,False
150,150,5.0,1.0,5.0,2.0,3.0,1.0,5.0,2.0,3.0,few hours a day,3.0,22.0,1.0,female,city,False
151,151,5.0,2.0,5.0,4.0,2.0,3.0,3.0,3.0,3.0,few hours a day,4.0,20.0,1.0,male,city,False
152,152,5.0,2.0,5.0,5.0,2.0,4.0,2.0,5.0,4.0,few hours a day,2.0,25.0,2.0,male,city,False
153,153,2.0,3.0,3.0,5.0,1.0,1.0,5.0,4.0,4.0,few hours a day,3.0,21.0,0.0,female,city,False
154,154,5.0,1.0,4.0,5.0,3.0,3.0,5.0,2.0,3.0,few hours a day,4.0,24.0,1.0,male,city,False
155,155,5.0,2.0,4.0,4.0,3.0,4.0,2.0,5.0,5.0,few hours a day,5.0,19.0,1.0,female,city,False
156,156,5.0,1.0,5.0,5.0,1.0,4.0,1.0,5.0,3.0,few hours a day,4.0,25.0,1.0,male,city,False
157,157,5.0,1.0,5.0,3.0,2.0,2.0,2.0,2.0,4.0,most of the day,4.0,26.0,2.0,male,village,False
158,158,5.0,5.0,5.0,1.0,3.0,5.0,5.0,5.0,3.0,few hours a day,2.0,15.0,2.0,female,village,True
159,159,5.0,3.0,5.0,4.0,3.0,5.0,2.0,2.0,3.0,few hours a day,3.0,20.0,1.0,male,city,False
160,160,5.0,3.0,5.0,4.0,5.0,1.0,1.0,3.0,2.0,few hours a day,3.0,19.0,1.0,male,city,False
161,161,5.0,3.0,5.0,2.0,1.0,5.0,4.0,5.0,3.0,few hours a day,3.0,20.0,2.0,female,city,False
162,162,4.0,1.0,4.0,5.0,1.0,2.0,2.0,3.0,2.0,few hours a day,4.0,21.0,0.0,male,city,False
163,163,5.0,5.0,4.0,5.0,1.0,1.0,4.0,4.0,4.0,most of the day,3.0,22.0,1.0,male,city,True
164,164,5.0,3.0,5.0,3.0,1.0,4.0,2.0,3.0,4.0,most of the day,2.0,20.0,1.0,male,village,False
165,165,5.0,2.0,5.0,3.0,2.0,2.0,4.0,1.0,5.0,few hours a day,3.0,20.0,1.0,female,city,False
166,166,5.0,1.0,4.0,2.0,2.0,1.0,4.0,3.0,4.0,few hours a day,5.0,21.0,1.0,female,city,False
167,167,3.0,3.0,3.0,3.0,1.0,4.0,4.0,4.0,2.0,few hours a day,4.0,21.0,1.0,male,village,False
168,168,5.0,1.0,5.0,3.0,1.0,1.0,1.0,5.0,3.0,most of the day,3.0,20.0,0.0,female,city,False
169,169,5.0,1.0,5.0,4.0,1.0,4.0,5.0,4.0,3.0,few hours a day,5.0,19.0,2.0,female,village,False
170,170,4.0,1.0,3.0,5.0,5.0,4.0,3.0,4.0,4.0,few hours a day,5.0,19.0,1.0,male,city,False
171,171,5.0,1.0,5.0,4.0,1.0,1.0,1.0,4.0,3.0,few hours a day,3.0,20.0,0.0,male,city,False
172,172,5.0,1.0,3.0,5.0,3.0,3.0,1.0,5.0,4.0,most of the day,4.0,22.0,1.0,male,village,False
173,173,5.0,5.0,5.0,3.0,4.0,5.0,2.0,4.0,4.0,most of the day,3.0,21.0,1.0,male,city,True
174,174,5.0,1.0,5.0,5.0,1.0,3.0,5.0,3.0,3.0,few hours a day,3.0,26.0,0.0,male,city,False
175,175,5.0,2.0,4.0,1.0,1.0,5.0,3.0,3.0,3.0,few hours a day,5.0,17.0,2.0,female,city,False
176,176,5.0,2.0,5.0,1.0,5.0,4.0,1.0,2.0,4.0,less than an hour a day,4.0,22.0,2.0,male,village,False
177,177,5.0,1.0,5.0,3.0,1.0,5.0,1.0,3.0,3.0,few hours a day,3.0,26.0,2.0,male,city,False
178,178,4.0,1.0,3.0,4.0,3.0,3.0,2.0,3.0,3.0,few hours a day,4.0,20.0,1.0,female,city,False
179,179,4.0,4.0,4.0,5.0,2.0,4.0,5.0,2.0,3.0,few hours a day,5.0,22.0,1.0,male,city,True
180,180,4.0,1.0,4.0,4.0,4.0,1.0,1.0,3.0,2.0,few hours a day,4.0,21.0,0.0,male,city,False
181,181,5.0,3.0,4.0,4.0,2.0,2.0,1.0,2.0,4.0,few hours a day,3.0,23.0,0.0,male,city,False
182,182,5.0,1.0,5.0,3.0,2.0,5.0,5.0,2.0,4.0,few hours a day,2.0,19.0,0.0,female,city,False
183,183,5.0,4.0,5.0,5.0,2.0,5.0,3.0,2.0,2.0,few hours a day,4.0,20.0,1.0,male,city,True
184,184,5.0,1.0,5.0,3.0,1.0,2.0,2.0,5.0,3.0,few hours a day,2.0,21.0,0.0,female,city,False
185,185,3.0,3.0,5.0,2.0,5.0,5.0,3.0,2.0,3.0,less than an hour a day,3.0,19.0,2.0,female,city,False
186,186,4.0,2.0,4.0,3.0,1.0,4.0,5.0,2.0,3.0,less than an hour a day,3.0,29.0,2.0,female,city,False
187,187,5.0,5.0,4.0,5.0,1.0,2.0,1.0,5.0,3.0,few hours a day,2.0,22.0,1.0,female,city,True
188,188,3.0,1.0,2.0,4.0,1.0,NaN,2.0,2.0,4.0,less than an hour a day,5.0,19.0,2.0,female,village,False
189,189,5.0,1.0,5.0,4.0,3.0,1.0,3.0,4.0,3.0,few hours a day,4.0,17.0,1.0,female,city,False
190,190,4.0,2.0,4.0,3.0,5.0,2.0,5.0,4.0,4.0,few hours a day,4.0,16.0,1.0,female,city,False
191,191,5.0,1.0,4.0,3.0,1.0,2.0,1.0,2.0,5.0,less than an hour a day,1.0,29.0,2.0,female,village,False
192,192,5.0,4.0,5.0,3.0,1.0,5.0,5.0,5.0,3.0,few hours a day,5.0,18.0,2.0,female,city,True
193,193,5.0,1.0,5.0,3.0,1.0,5.0,1.0,3.0,3.0,few hours a day,3.0,26.0,2.0,male,city,False
194,194,5.0,1.0,5.0,2.0,1.0,1.0,3.0,3.0,4.0,few hours a day,3.0,19.0,1.0,male,city,False
195,195,5.0,1.0,4.0,3.0,1.0,1.0,5.0,3.0,3.0,few hours a day,2.0,19.0,1.0,male,city,False
196,196,5.0,3.0,5.0,4.0,1.0,1.0,4.0,2.0,3.0,few hours a day,4.0,20.0,0.0,female,city,False
197,197,5.0,1.0,5.0,2.0,1.0,4.0,4.0,3.0,4.0,few hours a day,3.0,22.0,0.0,female,city,False
198,198,5.0,2.0,3.0,4.0,1.0,4.0,5.0,1.0,2.0,few hours a day,1.0,20.0,1.0,male,village,False
199,199,5.0,4.0,4.0,2.0,1.0,3.0,2.0,3.0,2.0,less than an hour a day,1.0,21.0,1.0,male,village,True
200,200,4.0,2.0,5.0,3.0,1.0,5.0,1.0,5.0,2.0,most of the day,4.0,21.0,2.0,male,city,False
201,201,5.0,2.0,5.0,4.0,1.0,5.0,1.0,3.0,4.0,few hours a day,2.0,18.0,0.0,NaN,village,False
202,202,5.0,4.0,5.0,2.0,1.0,4.0,4.0,3.0,2.0,few hours a day,3.0,15.0,0.0,male,city,True
203,203,5.0,3.0,5.0,2.0,3.0,3.0,2.0,3.0,3.0,few hours a day,3.0,19.0,1.0,female,city,False
204,204,5.0,1.0,5.0,1.0,4.0,3.0,4.0,3.0,3.0,few hours a day,3.0,24.0,1.0,female,city,False
205,205,5.0,1.0,5.0,5.0,1.0,2.0,1.0,3.0,4.0,few hours a day,5.0,19.0,1.0,female,city,False
206,206,5.0,1.0,5.0,5.0,4.0,3.0,3.0,3.0,2.0,few hours a day,4.0,25.0,3.0,male,village,False
207,207,5.0,1.0,5.0,5.0,1.0,5.0,5.0,4.0,4.0,few hours a day,4.0,20.0,1.0,female,city,False
208,208,5.0,1.0,3.0,3.0,1.0,5.0,5.0,3.0,3.0,less than an hour a day,1.0,19.0,2.0,female,village,False
209,209,5.0,2.0,5.0,4.0,4.0,3.0,5.0,4.0,2.0,few hours a day,5.0,21.0,1.0,male,village,False
210,210,5.0,5.0,5.0,5.0,4.0,5.0,5.0,3.0,5.0,few hours a day,3.0,23.0,2.0,male,village,True
211,211,5.0,4.0,5.0,1.0,1.0,4.0,5.0,3.0,4.0,few hours a day,2.0,21.0,1.0,female,village,True
212,212,5.0,2.0,5.0,5.0,5.0,1.0,4.0,2.0,3.0,most of the day,3.0,20.0,1.0,male,city,False
213,213,5.0,5.0,5.0,3.0,3.0,4.0,3.0,4.0,4.0,few hours a day,5.0,20.0,1.0,female,village,True
214,214,4.0,1.0,5.0,4.0,3.0,3.0,5.0,4.0,3.0,less than an hour a day,3.0,18.0,3.0,female,city,False
215,215,1.0,1.0,4.0,3.0,1.0,1.0,1.0,2.0,3.0,few hours a day,1.0,27.0,2.0,male,city,False
216,216,5.0,2.0,4.0,3.0,3.0,1.0,4.0,3.0,3.0,few hours a day,3.0,17.0,0.0,female,city,False
217,217,5.0,2.0,5.0,2.0,2.0,5.0,5.0,3.0,1.0,few hours a day,3.0,19.0,1.0,female,village,False
218,218,5.0,3.0,5.0,2.0,2.0,5.0,1.0,4.0,4.0,few hours a day,2.0,18.0,2.0,male,village,False
219,219,5.0,5.0,5.0,5.0,1.0,NaN,1.0,2.0,5.0,less than an hour a day,NaN,26.0,1.0,male,city,True
220,220,5.0,1.0,5.0,3.0,1.0,5.0,2.0,2.0,4.0,few hours a day,2.0,18.0,2.0,male,village,False
221,221,5.0,4.0,5.0,3.0,4.0,4.0,2.0,2.0,2.0,few hours a day,1.0,30.0,2.0,male,city,True
222,222,5.0,1.0,5.0,2.0,2.0,1.0,2.0,5.0,4.0,few hours a day,4.0,24.0,1.0,female,city,False
223,223,5.0,2.0,5.0,4.0,3.0,5.0,1.0,2.0,2.0,few hours a day,4.0,20.0,0.0,female,village,False
224,224,5.0,1.0,5.0,2.0,1.0,1.0,1.0,4.0,2.0,few hours a day,4.0,20.0,1.0,male,village,False
225,225,5.0,2.0,5.0,3.0,4.0,3.0,4.0,3.0,3.0,few hours a day,3.0,20.0,1.0,male,village,False
226,226,5.0,3.0,5.0,2.0,1.0,5.0,1.0,5.0,4.0,few hours a day,3.0,25.0,1.0,NaN,village,False
227,227,5.0,1.0,5.0,5.0,3.0,3.0,1.0,1.0,2.0,few hours a day,2.0,19.0,3.0,female,village,False
228,228,4.0,2.0,5.0,3.0,3.0,5.0,1.0,3.0,4.0,few hours a day,5.0,20.0,2.0,female,village,False
229,229,4.0,3.0,3.0,2.0,4.0,1.0,1.0,2.0,4.0,few hours a day,1.0,21.0,5.0,male,village,False
230,230,5.0,2.0,4.0,4.0,3.0,4.0,5.0,2.0,4.0,few hours a day,3.0,19.0,1.0,female,village,False
231,231,5.0,1.0,5.0,2.0,2.0,5.0,1.0,3.0,4.0,few hours a day,5.0,19.0,0.0,female,village,False
232,232,5.0,3.0,5.0,1.0,4.0,1.0,2.0,5.0,3.0,few hours a day,4.0,19.0,2.0,female,village,False
233,233,4.0,4.0,5.0,1.0,1.0,5.0,4.0,2.0,3.0,few hours a day,4.0,18.0,1.0,female,city,True
234,234,4.0,1.0,3.0,1.0,5.0,5.0,4.0,4.0,4.0,few hours a day,5.0,18.0,1.0,female,village,False
235,235,5.0,1.0,5.0,5.0,1.0,3.0,2.0,3.0,3.0,few hours a day,3.0,16.0,0.0,female,city,False
236,236,1.0,1.0,5.0,5.0,3.0,5.0,1.0,2.0,4.0,less than an hour a day,3.0,19.0,0.0,female,city,False
237,237,5.0,3.0,4.0,2.0,4.0,5.0,5.0,2.0,2.0,few hours a day,3.0,18.0,3.0,female,city,False
238,238,5.0,1.0,5.0,2.0,2.0,3.0,4.0,2.0,2.0,few hours a day,1.0,19.0,2.0,female,city,False
239,239,5.0,2.0,5.0,4.0,1.0,4.0,5.0,2.0,3.0,less than an hour a day,3.0,21.0,1.0,female,city,False
240,240,3.0,2.0,3.0,3.0,2.0,3.0,3.0,3.0,2.0,few hours a day,2.0,21.0,1.0,male,city,False
241,241,5.0,1.0,5.0,3.0,4.0,5.0,5.0,2.0,5.0,few hours a day,5.0,18.0,1.0,female,city,False
242,242,3.0,1.0,5.0,3.0,1.0,2.0,NaN,3.0,4.0,less than an hour a day,5.0,21.0,0.0,female,city,False
243,243,NaN,1.0,5.0,4.0,4.0,1.0,1.0,5.0,4.0,few hours a day,5.0,17.0,0.0,female,city,False
244,244,5.0,2.0,5.0,1.0,1.0,5.0,5.0,2.0,3.0,most of the day,3.0,20.0,0.0,female,city,False
245,245,5.0,1.0,5.0,3.0,1.0,5.0,1.0,3.0,3.0,less than an hour a day,1.0,19.0,1.0,female,city,False
246,246,5.0,1.0,5.0,5.0,5.0,5.0,4.0,2.0,3.0,few hours a day,4.0,27.0,0.0,male,city,False
247,247,5.0,2.0,5.0,3.0,1.0,1.0,2.0,3.0,3.0,few hours a day,3.0,22.0,2.0,female,city,False
248,248,5.0,3.0,5.0,5.0,2.0,3.0,3.0,3.0,4.0,few hours a day,3.0,19.0,2.0,female,city,False
249,249,5.0,2.0,5.0,4.0,1.0,5.0,5.0,3.0,4.0,no time at all,3.0,19.0,3.0,female,village,False
250,250,5.0,2.0,5.0,1.0,1.0,1.0,1.0,3.0,4.0,few hours a day,4.0,20.0,0.0,female,city,False
251,251,5.0,5.0,5.0,2.0,1.0,5.0,1.0,2.0,3.0,few hours a day,3.0,19.0,2.0,female,village,True
252,252,5.0,2.0,5.0,3.0,1.0,5.0,4.0,5.0,3.0,few hours a day,5.0,20.0,0.0,female,village,False
253,253,5.0,1.0,3.0,1.0,1.0,1.0,3.0,4.0,2.0,few hours a day,3.0,17.0,2.0,female,city,False
254,254,5.0,3.0,5.0,2.0,2.0,5.0,5.0,5.0,3.0,few hours a day,3.0,23.0,2.0,female,village,False
255,255,5.0,1.0,5.0,2.0,2.0,3.0,3.0,3.0,4.0,few hours a day,5.0,20.0,2.0,female,city,False
256,256,5.0,1.0,3.0,3.0,1.0,1.0,5.0,1.0,3.0,few hours a day,1.0,20.0,1.0,female,city,False
257,257,5.0,5.0,5.0,4.0,5.0,1.0,2.0,2.0,3.0,few hours a day,4.0,19.0,2.0,male,city,True
258,258,5.0,1.0,5.0,2.0,4.0,2.0,1.0,2.0,2.0,most of the day,4.0,20.0,1.0,female,city,False
259,259,2.0,1.0,3.0,5.0,1.0,1.0,1.0,3.0,3.0,few hours a day,4.0,19.0,4.0,male,village,False
260,260,3.0,3.0,3.0,3.0,1.0,3.0,3.0,3.0,3.0,few hours a day,3.0,19.0,0.0,male,city,False
261,261,5.0,1.0,5.0,3.0,4.0,5.0,3.0,4.0,3.0,few hours a day,2.0,18.0,1.0,female,city,False
262,262,5.0,3.0,4.0,3.0,3.0,3.0,4.0,5.0,4.0,few hours a day,3.0,19.0,1.0,female,city,False
263,263,5.0,3.0,5.0,1.0,3.0,3.0,4.0,1.0,3.0,few hours a day,1.0,15.0,3.0,female,city,False
264,264,3.0,3.0,5.0,2.0,2.0,5.0,4.0,3.0,3.0,few hours a day,3.0,19.0,1.0,female,village,False
265,265,5.0,1.0,5.0,1.0,2.0,5.0,4.0,3.0,3.0,most of the day,5.0,15.0,1.0,female,city,False
266,266,5.0,1.0,5.0,3.0,4.0,4.0,3.0,4.0,4.0,few hours a day,2.0,19.0,1.0,female,city,False
267,267,5.0,2.0,4.0,4.0,3.0,5.0,1.0,1.0,2.0,few hours a day,3.0,21.0,2.0,female,city,False
268,268,5.0,1.0,4.0,1.0,5.0,5.0,5.0,2.0,3.0,few hours a day,4.0,19.0,2.0,female,city,False
269,269,5.0,2.0,5.0,3.0,2.0,3.0,2.0,3.0,2.0,few hours a day,4.0,17.0,1.0,female,village,False
270,270,5.0,2.0,5.0,3.0,1.0,5.0,5.0,3.0,3.0,few hours a day,2.0,23.0,1.0,female,city,False
271,271,5.0,1.0,5.0,4.0,2.0,5.0,2.0,2.0,3.0,less than an hour a day,4.0,24.0,0.0,male,village,False
272,272,5.0,1.0,5.0,3.0,3.0,5.0,2.0,3.0,3.0,less than an hour a day,4.0,19.0,1.0,female,city,False
273,273,5.0,4.0,5.0,3.0,2.0,1.0,4.0,3.0,4.0,few hours a day,3.0,19.0,2.0,female,city,True
274,274,5.0,2.0,4.0,5.0,1.0,4.0,4.0,2.0,2.0,few hours a day,4.0,22.0,0.0,female,city,False
275,275,5.0,4.0,5.0,5.0,2.0,2.0,4.0,4.0,2.0,few hours a day,2.0,20.0,1.0,female,city,True
276,276,5.0,1.0,5.0,4.0,3.0,1.0,3.0,4.0,3.0,few hours a day,1.0,21.0,2.0,female,village,False
277,277,5.0,2.0,5.0,5.0,2.0,1.0,5.0,4.0,3.0,few hours a day,4.0,19.0,0.0,male,city,False
278,278,5.0,3.0,5.0,4.0,3.0,5.0,1.0,3.0,4.0,few hours a day,3.0,19.0,2.0,male,village,False
279,279,5.0,2.0,4.0,3.0,1.0,5.0,2.0,4.0,3.0,few hours a day,3.0,20.0,1.0,female,city,False
280,280,5.0,5.0,4.0,3.0,1.0,4.0,5.0,5.0,3.0,few hours a day,3.0,18.0,1.0,female,city,True
281,281,5.0,3.0,4.0,2.0,1.0,5.0,2.0,4.0,3.0,few hours a day,2.0,19.0,1.0,male,city,False
282,282,5.0,1.0,3.0,1.0,1.0,5.0,5.0,3.0,3.0,less than an hour a day,4.0,20.0,2.0,female,city,False
283,283,5.0,3.0,5.0,2.0,5.0,1.0,1.0,1.0,3.0,few hours a day,3.0,22.0,1.0,male,city,False
284,284,1.0,1.0,5.0,2.0,4.0,4.0,3.0,1.0,3.0,most of the day,5.0,20.0,2.0,male,city,False
285,285,5.0,1.0,5.0,2.0,2.0,5.0,5.0,2.0,3.0,few hours a day,4.0,20.0,2.0,female,city,False
286,286,5.0,1.0,5.0,4.0,1.0,5.0,4.0,3.0,1.0,few hours a day,2.0,27.0,1.0,female,city,False
287,287,5.0,3.0,5.0,4.0,1.0,4.0,5.0,3.0,3.0,few hours a day,3.0,19.0,1.0,female,city,False
288,288,5.0,5.0,4.0,2.0,1.0,3.0,3.0,3.0,3.0,few hours a day,3.0,22.0,2.0,male,city,True
289,289,5.0,2.0,4.0,5.0,1.0,4.0,1.0,2.0,2.0,most of the day,1.0,19.0,0.0,male,city,False
290,290,4.0,1.0,5.0,4.0,1.0,2.0,1.0,4.0,4.0,few hours a day,1.0,20.0,1.0,female,city,False
291,291,4.0,2.0,4.0,4.0,2.0,3.0,2.0,2.0,3.0,few hours a day,3.0,20.0,1.0,male,village,False
292,292,5.0,2.0,5.0,3.0,1.0,5.0,4.0,3.0,4.0,few hours a day,4.0,21.0,1.0,female,city,False
293,293,5.0,1.0,5.0,4.0,5.0,5.0,2.0,4.0,1.0,few hours a day,3.0,16.0,1.0,female,village,False
294,294,5.0,1.0,3.0,5.0,1.0,5.0,5.0,4.0,2.0,less than an hour a day,3.0,19.0,1.0,female,city,False
295,295,5.0,1.0,5.0,3.0,1.0,5.0,3.0,2.0,4.0,few hours a day,3.0,18.0,1.0,female,village,False
296,296,5.0,5.0,5.0,4.0,4.0,4.0,1.0,1.0,3.0,few hours a day,1.0,23.0,1.0,male,city,True
297,297,5.0,4.0,5.0,1.0,3.0,3.0,1.0,4.0,3.0,few hours a day,2.0,19.0,0.0,male,village,True
298,298,5.0,2.0,5.0,3.0,1.0,5.0,3.0,3.0,3.0,less than an hour a day,4.0,19.0,0.0,female,city,False
299,299,5.0,1.0,5.0,3.0,1.0,4.0,5.0,2.0,4.0,few hours a day,3.0,22.0,1.0,female,city,False
300,300,5.0,1.0,3.0,3.0,3.0,2.0,1.0,2.0,3.0,most of the day,4.0,18.0,1.0,female,city,False
301,301,4.0,1.0,5.0,5.0,2.0,3.0,1.0,2.0,4.0,few hours a day,4.0,20.0,1.0,male,city,False
302,302,5.0,1.0,5.0,3.0,1.0,1.0,1.0,3.0,4.0,less than an hour a day,3.0,19.0,1.0,female,village,False
303,303,4.0,1.0,5.0,4.0,5.0,5.0,4.0,4.0,4.0,few hours a day,4.0,25.0,1.0,female,city,False
304,304,5.0,1.0,5.0,4.0,1.0,1.0,3.0,3.0,1.0,few hours a day,3.0,18.0,2.0,female,city,False
305,305,5.0,1.0,5.0,5.0,4.0,5.0,2.0,3.0,3.0,few hours a day,2.0,20.0,0.0,female,city,False
306,306,5.0,4.0,5.0,3.0,4.0,5.0,5.0,4.0,4.0,few hours a day,4.0,15.0,1.0,female,city,True
307,307,5.0,1.0,5.0,2.0,5.0,1.0,5.0,5.0,4.0,few hours a day,4.0,19.0,2.0,female,city,False
308,308,5.0,4.0,4.0,3.0,2.0,3.0,3.0,3.0,4.0,few hours a day,3.0,19.0,2.0,female,city,True
309,309,5.0,2.0,4.0,2.0,3.0,1.0,1.0,2.0,3.0,few hours a day,3.0,16.0,0.0,female,village,False
310,310,5.0,5.0,3.0,1.0,2.0,5.0,3.0,4.0,4.0,few hours a day,3.0,19.0,1.0,male,city,True
311,311,5.0,2.0,5.0,5.0,3.0,2.0,5.0,3.0,4.0,few hours a day,3.0,18.0,0.0,female,city,False
312,312,2.0,2.0,5.0,2.0,2.0,3.0,2.0,3.0,3.0,few hours a day,2.0,15.0,1.0,male,city,False
313,313,5.0,2.0,5.0,3.0,1.0,3.0,5.0,2.0,4.0,few hours a day,3.0,20.0,1.0,female,city,False
314,314,5.0,5.0,5.0,5.0,5.0,5.0,2.0,2.0,4.0,few hours a day,3.0,20.0,2.0,male,village,True
315,315,5.0,1.0,4.0,4.0,1.0,1.0,5.0,3.0,4.0,few hours a day,1.0,20.0,1.0,male,city,False
316,316,5.0,4.0,4.0,3.0,2.0,5.0,3.0,2.0,3.0,less than an hour a day,3.0,20.0,1.0,female,city,True
317,317,5.0,4.0,5.0,1.0,3.0,5.0,1.0,3.0,4.0,few hours a day,3.0,19.0,2.0,male,city,True
318,318,5.0,2.0,5.0,3.0,3.0,5.0,5.0,3.0,3.0,less than an hour a day,3.0,16.0,0.0,female,city,False
319,319,5.0,3.0,5.0,3.0,1.0,3.0,5.0,1.0,5.0,few hours a day,3.0,18.0,1.0,female,city,False
320,320,5.0,4.0,5.0,5.0,3.0,3.0,1.0,3.0,4.0,few hours a day,5.0,20.0,0.0,male,village,True
321,321,5.0,3.0,5.0,4.0,1.0,5.0,5.0,3.0,4.0,few hours a day,2.0,16.0,0.0,female,city,False
322,322,5.0,1.0,4.0,5.0,1.0,5.0,2.0,2.0,4.0,few hours a day,2.0,18.0,1.0,female,city,False
323,323,5.0,1.0,3.0,2.0,3.0,5.0,4.0,4.0,3.0,few hours a day,4.0,20.0,1.0,male,village,False
324,324,5.0,2.0,5.0,1.0,2.0,3.0,2.0,3.0,4.0,few hours a day,3.0,18.0,1.0,female,city,False
325,325,5.0,4.0,4.0,5.0,1.0,5.0,2.0,3.0,4.0,less than an hour a day,4.0,19.0,1.0,male,village,True
326,326,5.0,3.0,5.0,4.0,4.0,4.0,1.0,1.0,4.0,few hours a day,3.0,19.0,0.0,female,city,False
327,327,5.0,1.0,5.0,3.0,2.0,5.0,5.0,3.0,3.0,few hours a day,5.0,20.0,1.0,female,city,False
328,328,5.0,1.0,5.0,1.0,5.0,1.0,1.0,3.0,3.0,few hours a day,5.0,18.0,0.0,male,city,False
329,329,5.0,3.0,5.0,3.0,2.0,4.0,2.0,5.0,3.0,few hours a day,2.0,17.0,1.0,female,city,False
330,330,5.0,3.0,5.0,4.0,1.0,5.0,5.0,2.0,3.0,few hours a day,3.0,22.0,0.0,female,city,False
331,331,5.0,4.0,5.0,2.0,3.0,5.0,3.0,3.0,3.0,few hours a day,3.0,17.0,1.0,male,village,True
332,332,4.0,1.0,5.0,3.0,4.0,5.0,3.0,5.0,4.0,few hours a day,5.0,22.0,2.0,female,village,False
333,333,5.0,2.0,4.0,5.0,3.0,5.0,3.0,3.0,5.0,few hours a day,3.0,16.0,1.0,female,city,False
334,334,5.0,1.0,5.0,4.0,1.0,2.0,4.0,5.0,4.0,few hours a day,4.0,24.0,1.0,female,city,False
335,335,5.0,4.0,5.0,5.0,3.0,3.0,1.0,4.0,2.0,few hours a day,3.0,17.0,1.0,male,city,True
336,336,5.0,4.0,5.0,1.0,5.0,4.0,5.0,2.0,4.0,few hours a day,5.0,17.0,1.0,male,city,True
337,337,5.0,5.0,5.0,3.0,4.0,5.0,3.0,2.0,1.0,few hours a day,1.0,17.0,2.0,male,city,True
338,338,5.0,2.0,5.0,2.0,3.0,1.0,2.0,4.0,3.0,few hours a day,1.0,15.0,3.0,female,city,False
339,339,5.0,1.0,5.0,5.0,1.0,5.0,2.0,3.0,4.0,few hours a day,2.0,18.0,2.0,female,city,False
340,340,5.0,1.0,4.0,5.0,1.0,1.0,5.0,2.0,3.0,few hours a day,4.0,18.0,2.0,female,village,False
341,341,5.0,5.0,5.0,3.0,1.0,2.0,5.0,5.0,2.0,most of the day,1.0,16.0,1.0,male,village,True
342,342,5.0,3.0,3.0,2.0,4.0,5.0,5.0,2.0,4.0,most of the day,3.0,20.0,1.0,female,city,False
343,343,5.0,1.0,4.0,2.0,1.0,5.0,3.0,3.0,4.0,less than an hour a day,3.0,29.0,2.0,female,city,False
344,344,5.0,1.0,4.0,1.0,1.0,1.0,3.0,2.0,4.0,few hours a day,5.0,24.0,3.0,female,village,False
345,345,4.0,3.0,4.0,3.0,3.0,4.0,1.0,3.0,3.0,less than an hour a day,4.0,18.0,0.0,female,city,False
346,346,5.0,4.0,5.0,5.0,1.0,5.0,1.0,2.0,3.0,few hours a day,1.0,17.0,1.0,male,city,True
347,347,5.0,2.0,5.0,2.0,2.0,1.0,2.0,4.0,3.0,most of the day,1.0,18.0,1.0,male,city,False
348,348,5.0,2.0,5.0,3.0,3.0,4.0,5.0,3.0,3.0,few hours a day,2.0,16.0,1.0,male,city,False
349,349,5.0,4.0,5.0,3.0,2.0,5.0,5.0,2.0,4.0,few hours a day,3.0,17.0,2.0,female,city,True
350,350,2.0,2.0,5.0,2.0,2.0,3.0,1.0,2.0,3.0,most of the day,3.0,20.0,2.0,male,city,False
351,351,5.0,1.0,5.0,3.0,5.0,5.0,5.0,3.0,4.0,few hours a day,4.0,16.0,1.0,female,village,False
352,352,5.0,1.0,5.0,1.0,1.0,2.0,3.0,4.0,3.0,few hours a day,3.0,19.0,1.0,male,city,False
353,353,5.0,1.0,5.0,4.0,2.0,3.0,3.0,4.0,4.0,few hours a day,3.0,18.0,1.0,female,city,False
354,354,5.0,3.0,5.0,3.0,4.0,4.0,3.0,1.0,5.0,few hours a day,4.0,20.0,1.0,female,city,False
355,355,5.0,2.0,5.0,4.0,4.0,1.0,5.0,3.0,5.0,few hours a day,4.0,19.0,1.0,male,city,False
356,356,4.0,2.0,4.0,5.0,5.0,3.0,1.0,1.0,3.0,few hours a day,3.0,18.0,1.0,male,city,False
357,357,5.0,3.0,4.0,1.0,3.0,5.0,5.0,3.0,4.0,few hours a day,2.0,21.0,0.0,male,city,False
358,358,4.0,2.0,5.0,5.0,2.0,5.0,4.0,3.0,4.0,less than an hour a day,4.0,19.0,2.0,male,city,False
359,359,5.0,2.0,5.0,5.0,1.0,5.0,5.0,3.0,3.0,few hours a day,1.0,20.0,2.0,female,city,False
360,360,5.0,1.0,5.0,4.0,5.0,2.0,2.0,4.0,4.0,few hours a day,3.0,23.0,1.0,female,city,False
361,361,5.0,1.0,5.0,4.0,1.0,5.0,1.0,1.0,3.0,less than an hour a day,4.0,19.0,1.0,female,village,False
362,362,5.0,2.0,5.0,5.0,1.0,3.0,5.0,3.0,4.0,few hours a day,5.0,19.0,2.0,female,city,False
363,363,5.0,1.0,5.0,5.0,1.0,3.0,5.0,3.0,4.0,few hours a day,5.0,19.0,2.0,female,city,False
364,364,2.0,2.0,5.0,3.0,2.0,1.0,4.0,4.0,4.0,few hours a day,4.0,20.0,2.0,male,city,False
365,365,5.0,2.0,5.0,5.0,1.0,1.0,1.0,2.0,3.0,few hours a day,3.0,24.0,5.0,male,village,False
366,366,5.0,3.0,5.0,1.0,5.0,1.0,1.0,3.0,5.0,most of the day,4.0,19.0,1.0,male,city,False
367,367,5.0,3.0,5.0,5.0,1.0,3.0,1.0,3.0,4.0,few hours a day,5.0,20.0,2.0,male,village,False
368,368,5.0,NaN,5.0,3.0,1.0,5.0,1.0,3.0,4.0,few hours a day,4.0,18.0,1.0,female,NaN,False
369,369,5.0,5.0,4.0,4.0,4.0,5.0,2.0,2.0,3.0,less than an hour a day,4.0,17.0,1.0,male,village,True
370,370,5.0,1.0,5.0,4.0,2.0,5.0,5.0,2.0,3.0,few hours a day,3.0,19.0,2.0,female,village,False
371,371,5.0,2.0,5.0,2.0,5.0,3.0,2.0,1.0,3.0,few hours a day,3.0,19.0,4.0,female,village,False
372,372,4.0,4.0,4.0,3.0,1.0,1.0,1.0,2.0,2.0,most of the day,3.0,20.0,2.0,male,city,True
373,373,5.0,1.0,5.0,5.0,1.0,1.0,2.0,4.0,3.0,most of the day,4.0,20.0,0.0,male,city,False
374,374,5.0,3.0,5.0,2.0,1.0,5.0,5.0,4.0,4.0,few hours a day,1.0,21.0,1.0,female,city,False
375,375,5.0,NaN,5.0,2.0,3.0,1.0,5.0,2.0,3.0,few hours a day,4.0,20.0,2.0,female,city,False
376,376,5.0,1.0,5.0,2.0,1.0,5.0,5.0,2.0,4.0,few hours a day,1.0,20.0,1.0,female,city,False
377,377,5.0,1.0,5.0,3.0,5.0,4.0,1.0,4.0,3.0,few hours a day,3.0,17.0,0.0,female,village,False
378,378,5.0,3.0,5.0,4.0,5.0,5.0,2.0,2.0,4.0,few hours a day,2.0,20.0,2.0,female,city,False
379,379,5.0,2.0,5.0,3.0,3.0,3.0,2.0,3.0,4.0,few hours a day,3.0,25.0,2.0,male,city,False
380,380,5.0,5.0,5.0,3.0,2.0,4.0,2.0,2.0,3.0,most of the day,4.0,20.0,1.0,female,city,True
381,381,5.0,1.0,5.0,5.0,2.0,5.0,2.0,1.0,3.0,few hours a day,2.0,21.0,1.0,female,city,False
382,382,5.0,4.0,5.0,4.0,1.0,5.0,5.0,2.0,4.0,few hours a day,2.0,21.0,0.0,female,village,True
383,383,5.0,2.0,5.0,1.0,5.0,1.0,2.0,2.0,3.0,most of the day,3.0,22.0,1.0,male,city,False
384,384,5.0,1.0,2.0,2.0,5.0,1.0,5.0,4.0,3.0,few hours a day,2.0,19.0,1.0,female,city,False
385,385,5.0,3.0,5.0,3.0,3.0,1.0,1.0,3.0,2.0,few hours a day,2.0,25.0,1.0,male,city,False
386,386,5.0,4.0,4.0,2.0,3.0,2.0,2.0,3.0,3.0,few hours a day,4.0,19.0,0.0,female,city,True
387,387,5.0,2.0,5.0,2.0,2.0,5.0,1.0,3.0,3.0,few hours a day,4.0,25.0,2.0,female,city,False
388,388,5.0,3.0,5.0,3.0,4.0,5.0,5.0,2.0,3.0,few hours a day,3.0,25.0,1.0,female,city,False
389,389,5.0,1.0,5.0,2.0,2.0,3.0,2.0,3.0,5.0,few hours a day,4.0,21.0,0.0,female,city,False
390,390,4.0,3.0,5.0,5.0,3.0,2.0,2.0,1.0,4.0,few hours a day,4.0,20.0,2.0,male,city,False
391,391,4.0,1.0,4.0,4.0,4.0,2.0,3.0,3.0,4.0,few hours a day,3.0,24.0,2.0,female,city,False
392,392,5.0,2.0,5.0,3.0,3.0,1.0,3.0,4.0,3.0,less than an hour a day,4.0,30.0,2.0,female,city,False
393,393,5.0,1.0,5.0,5.0,1.0,3.0,1.0,3.0,3.0,few hours a day,4.0,21.0,1.0,male,city,False
394,394,5.0,1.0,4.0,1.0,4.0,3.0,5.0,3.0,1.0,few hours a day,3.0,27.0,3.0,male,city,False
395,395,5.0,5.0,5.0,4.0,4.0,1.0,1.0,3.0,2.0,few hours a day,3.0,21.0,1.0,male,city,True
396,396,5.0,2.0,2.0,2.0,4.0,1.0,4.0,4.0,4.0,few hours a day,3.0,16.0,0.0,female,city,False
397,397,5.0,1.0,5.0,1.0,4.0,5.0,2.0,3.0,4.0,most of the day,3.0,21.0,1.0,female,village,False
398,398,5.0,5.0,5.0,3.0,4.0,1.0,3.0,2.0,5.0,few hours a day,3.0,20.0,1.0,female,village,True
399,399,5.0,1.0,5.0,5.0,4.0,5.0,1.0,1.0,2.0,less than an hour a day,3.0,22.0,1.0,female,city,False
400,400,5.0,4.0,5.0,5.0,5.0,1.0,2.0,2.0,3.0,most of the day,3.0,19.0,1.0,male,village,True
401,401,5.0,1.0,4.0,2.0,1.0,1.0,1.0,2.0,4.0,few hours a day,4.0,20.0,1.0,female,village,False
402,402,5.0,3.0,5.0,5.0,1.0,5.0,1.0,4.0,4.0,most of the day,3.0,25.0,1.0,male,city,False
403,403,2.0,1.0,4.0,2.0,2.0,4.0,1.0,4.0,3.0,less than an hour a day,2.0,23.0,2.0,male,village,False
404,404,5.0,5.0,5.0,2.0,2.0,5.0,2.0,4.0,3.0,few hours a day,5.0,20.0,2.0,female,village,True
405,405,4.0,2.0,4.0,5.0,2.0,3.0,3.0,3.0,4.0,few hours a day,3.0,20.0,1.0,female,city,False
406,406,5.0,4.0,5.0,1.0,1.0,1.0,1.0,1.0,3.0,less than an hour a day,4.0,21.0,1.0,female,village,True
407,407,5.0,2.0,5.0,4.0,2.0,5.0,4.0,2.0,3.0,less than an hour a day,3.0,19.0,1.0,female,city,False
408,408,5.0,1.0,4.0,3.0,1.0,1.0,3.0,2.0,4.0,few hours a day,2.0,21.0,1.0,female,city,False
409,409,5.0,4.0,5.0,1.0,3.0,3.0,5.0,5.0,2.0,few hours a day,3.0,16.0,0.0,female,city,True
410,410,5.0,1.0,5.0,3.0,4.0,5.0,1.0,2.0,3.0,few hours a day,3.0,20.0,1.0,male,village,False
411,411,5.0,2.0,5.0,5.0,1.0,3.0,5.0,2.0,4.0,few hours a day,2.0,18.0,0.0,female,city,False
412,412,5.0,5.0,2.0,4.0,1.0,5.0,1.0,5.0,3.0,less than an hour a day,3.0,21.0,1.0,female,city,True
413,413,5.0,3.0,5.0,4.0,3.0,4.0,3.0,3.0,3.0,few hours a day,3.0,21.0,2.0,male,village,False
414,414,5.0,2.0,5.0,4.0,3.0,3.0,4.0,1.0,3.0,few hours a day,3.0,18.0,2.0,male,city,False
415,415,5.0,3.0,5.0,1.0,1.0,1.0,5.0,5.0,3.0,few hours a day,1.0,19.0,1.0,female,village,False
416,416,4.0,4.0,NaN,2.0,5.0,3.0,3.0,3.0,2.0,few hours a day,3.0,20.0,1.0,female,village,True
417,417,5.0,1.0,5.0,4.0,5.0,5.0,4.0,5.0,3.0,most of the day,2.0,18.0,1.0,male,village,False
418,418,5.0,1.0,5.0,1.0,1.0,5.0,5.0,2.0,3.0,less than an hour a day,3.0,18.0,1.0,female,village,False
419,419,5.0,3.0,3.0,3.0,1.0,2.0,1.0,2.0,3.0,less than an hour a day,3.0,23.0,0.0,female,village,False
420,420,5.0,1.0,5.0,5.0,1.0,2.0,3.0,2.0,4.0,few hours a day,3.0,20.0,1.0,female,village,False
421,421,5.0,2.0,5.0,5.0,4.0,5.0,2.0,3.0,3.0,few hours a day,5.0,18.0,1.0,female,village,False
422,422,5.0,5.0,5.0,4.0,1.0,5.0,5.0,3.0,4.0,few hours a day,4.0,28.0,1.0,female,city,True
423,423,5.0,2.0,4.0,2.0,1.0,5.0,2.0,2.0,3.0,few hours a day,5.0,24.0,1.0,female,village,False
424,424,5.0,5.0,5.0,3.0,1.0,5.0,5.0,3.0,3.0,few hours a day,2.0,19.0,2.0,female,city,True
425,425,5.0,2.0,5.0,3.0,1.0,5.0,5.0,5.0,4.0,less than an hour a day,4.0,21.0,3.0,female,village,False
426,426,5.0,1.0,4.0,1.0,1.0,1.0,5.0,1.0,2.0,less than an hour a day,3.0,22.0,1.0,female,city,False
427,427,5.0,2.0,5.0,3.0,1.0,1.0,5.0,3.0,2.0,few hours a day,1.0,19.0,1.0,male,city,False
428,428,5.0,3.0,5.0,2.0,2.0,5.0,4.0,4.0,4.0,few hours a day,4.0,18.0,2.0,female,city,False
429,429,5.0,1.0,5.0,2.0,1.0,4.0,2.0,3.0,3.0,most of the day,3.0,21.0,0.0,female,city,False
430,430,5.0,3.0,5.0,4.0,2.0,4.0,3.0,3.0,3.0,less than an hour a day,4.0,19.0,1.0,female,village,False
431,431,4.0,5.0,5.0,2.0,5.0,3.0,3.0,3.0,4.0,few hours a day,5.0,19.0,2.0,male,village,True
432,432,5.0,1.0,4.0,5.0,2.0,3.0,2.0,4.0,2.0,few hours a day,3.0,20.0,1.0,male,city,False
433,433,5.0,2.0,5.0,3.0,5.0,1.0,1.0,3.0,3.0,few hours a day,3.0,19.0,3.0,female,city,False
434,434,5.0,4.0,5.0,5.0,1.0,4.0,3.0,4.0,4.0,few hours a day,2.0,18.0,1.0,male,city,True
435,435,5.0,1.0,4.0,2.0,1.0,5.0,5.0,3.0,4.0,few hours a day,2.0,18.0,1.0,female,city,False
436,436,4.0,3.0,4.0,2.0,2.0,2.0,3.0,5.0,3.0,few hours a day,1.0,19.0,1.0,male,city,False
437,437,5.0,4.0,5.0,1.0,1.0,1.0,5.0,3.0,3.0,few hours a day,3.0,18.0,0.0,female,city,True
438,438,5.0,1.0,5.0,1.0,1.0,4.0,5.0,5.0,3.0,few hours a day,1.0,18.0,2.0,female,village,False
439,439,5.0,4.0,5.0,4.0,3.0,1.0,1.0,1.0,4.0,few hours a day,4.0,19.0,1.0,male,city,True
440,440,5.0,4.0,5.0,4.0,1.0,3.0,5.0,3.0,5.0,few hours a day,3.0,19.0,1.0,female,city,True
441,441,5.0,1.0,5.0,1.0,2.0,5.0,1.0,3.0,3.0,few hours a day,3.0,19.0,1.0,female,city,False
442,442,5.0,2.0,5.0,2.0,3.0,5.0,2.0,4.0,3.0,few hours a day,2.0,18.0,6.0,female,city,False
443,443,4.0,3.0,4.0,5.0,3.0,1.0,1.0,4.0,4.0,few hours a day,3.0,18.0,3.0,female,village,False
444,444,5.0,4.0,5.0,3.0,4.0,1.0,2.0,4.0,3.0,few hours a day,4.0,19.0,1.0,female,city,True
445,445,5.0,1.0,5.0,4.0,1.0,5.0,5.0,2.0,4.0,few hours a day,3.0,20.0,1.0,female,city,False
446,446,4.0,4.0,5.0,1.0,3.0,2.0,4.0,3.0,3.0,few hours a day,2.0,19.0,1.0,male,city,True
447,447,3.0,1.0,4.0,5.0,3.0,4.0,4.0,4.0,5.0,less than an hour a day,5.0,26.0,3.0,female,village,False
448,448,5.0,3.0,5.0,3.0,4.0,4.0,3.0,2.0,3.0,few hours a day,2.0,19.0,1.0,female,village,False
449,449,5.0,1.0,5.0,2.0,3.0,NaN,4.0,3.0,3.0,few hours a day,5.0,19.0,1.0,female,village,False
450,450,5.0,1.0,5.0,3.0,2.0,5.0,1.0,3.0,3.0,few hours a day,1.0,22.0,1.0,male,village,False
451,451,5.0,3.0,4.0,3.0,2.0,3.0,2.0,1.0,4.0,less than an hour a day,4.0,20.0,1.0,male,village,False
452,452,5.0,3.0,5.0,1.0,3.0,5.0,5.0,1.0,4.0,less than an hour a day,3.0,28.0,2.0,female,city,False
453,453,5.0,1.0,5.0,2.0,2.0,3.0,4.0,3.0,3.0,few hours a day,5.0,19.0,1.0,female,village,False
454,454,4.0,1.0,5.0,3.0,3.0,5.0,5.0,2.0,4.0,few hours a day,4.0,21.0,0.0,female,city,False
455,455,5.0,4.0,5.0,1.0,2.0,3.0,4.0,4.0,5.0,less than an hour a day,3.0,19.0,1.0,female,village,True
456,456,5.0,1.0,5.0,5.0,5.0,5.0,1.0,1.0,5.0,few hours a day,5.0,22.0,2.0,male,city,False
457,457,5.0,4.0,5.0,3.0,5.0,2.0,2.0,3.0,3.0,few hours a day,5.0,19.0,2.0,male,city,True
458,458,5.0,5.0,1.0,5.0,1.0,1.0,1.0,1.0,5.0,few hours a day,3.0,18.0,1.0,female,village,True
459,459,4.0,3.0,5.0,2.0,1.0,2.0,2.0,3.0,4.0,less than an hour a day,4.0,19.0,0.0,female,city,False
460,460,5.0,1.0,5.0,4.0,1.0,5.0,1.0,2.0,3.0,few hours a day,1.0,22.0,2.0,male,city,False
461,461,5.0,2.0,4.0,3.0,3.0,3.0,1.0,3.0,3.0,few hours a day,3.0,29.0,3.0,male,village,False
462,462,4.0,3.0,4.0,3.0,3.0,2.0,3.0,4.0,4.0,few hours a day,4.0,NaN,2.0,female,village,False
463,463,5.0,1.0,5.0,1.0,3.0,4.0,2.0,5.0,3.0,less than an hour a day,3.0,18.0,0.0,female,city,False
464,464,5.0,3.0,3.0,2.0,1.0,1.0,4.0,2.0,5.0,few hours a day,3.0,22.0,1.0,female,city,False
465,465,5.0,2.0,5.0,5.0,2.0,1.0,1.0,1.0,4.0,less than an hour a day,4.0,17.0,1.0,female,city,False
466,466,5.0,5.0,5.0,1.0,1.0,1.0,3.0,1.0,3.0,few hours a day,1.0,19.0,0.0,male,city,True
467,467,4.0,2.0,5.0,1.0,3.0,1.0,5.0,2.0,4.0,few hours a day,4.0,20.0,1.0,female,village,False
468,468,5.0,2.0,3.0,3.0,4.0,4.0,2.0,2.0,4.0,few hours a day,3.0,18.0,1.0,female,village,False
469,469,5.0,4.0,5.0,3.0,3.0,1.0,1.0,4.0,2.0,most of the day,4.0,22.0,2.0,male,city,True
470,470,4.0,1.0,4.0,4.0,2.0,2.0,1.0,3.0,4.0,few hours a day,5.0,19.0,1.0,female,village,False
471,471,5.0,2.0,5.0,3.0,3.0,1.0,3.0,1.0,3.0,few hours a day,1.0,20.0,1.0,male,city,False
472,472,3.0,1.0,3.0,2.0,5.0,2.0,1.0,5.0,3.0,few hours a day,3.0,25.0,1.0,male,village,False
473,473,5.0,1.0,5.0,5.0,2.0,5.0,2.0,5.0,1.0,less than an hour a day,5.0,29.0,0.0,male,village,False
474,474,5.0,5.0,5.0,3.0,5.0,5.0,3.0,2.0,4.0,few hours a day,3.0,19.0,1.0,male,village,True
475,475,5.0,1.0,4.0,4.0,3.0,5.0,1.0,3.0,3.0,few hours a day,1.0,18.0,4.0,female,city,False
476,476,5.0,1.0,5.0,3.0,1.0,5.0,2.0,3.0,3.0,few hours a day,3.0,20.0,2.0,female,city,False
477,477,5.0,1.0,5.0,2.0,4.0,4.0,2.0,4.0,4.0,most of the day,3.0,18.0,3.0,female,city,False
478,478,5.0,3.0,5.0,2.0,1.0,4.0,2.0,4.0,2.0,most of the day,3.0,30.0,3.0,male,city,False
479,479,5.0,2.0,5.0,2.0,1.0,5.0,3.0,2.0,3.0,few hours a day,3.0,20.0,1.0,female,city,False
480,480,5.0,4.0,5.0,3.0,3.0,5.0,2.0,3.0,4.0,few hours a day,3.0,21.0,2.0,female,city,True
481,481,5.0,5.0,5.0,5.0,1.0,1.0,1.0,3.0,4.0,few hours a day,3.0,22.0,1.0,male,city,True
482,482,3.0,1.0,5.0,4.0,4.0,5.0,2.0,1.0,3.0,few hours a day,4.0,22.0,2.0,male,city,False
483,483,5.0,1.0,5.0,3.0,4.0,3.0,4.0,5.0,3.0,few hours a day,1.0,20.0,1.0,female,city,False
484,484,5.0,2.0,5.0,4.0,4.0,1.0,5.0,3.0,3.0,few hours a day,2.0,20.0,1.0,female,city,False
485,485,5.0,1.0,5.0,1.0,1.0,1.0,5.0,5.0,3.0,few hours a day,3.0,19.0,1.0,female,city,False
486,486,3.0,2.0,5.0,4.0,3.0,1.0,5.0,2.0,2.0,few hours a day,2.0,28.0,1.0,female,city,False
487,487,5.0,1.0,5.0,1.0,1.0,1.0,3.0,1.0,3.0,most of the day,1.0,19.0,3.0,female,village,False
488,488,5.0,1.0,5.0,5.0,3.0,3.0,1.0,3.0,4.0,few hours a day,2.0,22.0,1.0,male,city,False
489,489,5.0,1.0,5.0,5.0,1.0,2.0,5.0,1.0,3.0,few hours a day,4.0,20.0,2.0,female,village,False
490,490,4.0,4.0,1.0,1.0,1.0,1.0,5.0,3.0,4.0,less than an hour a day,3.0,16.0,1.0,female,city,True
491,491,5.0,1.0,5.0,2.0,2.0,2.0,5.0,3.0,3.0,less than an hour a day,3.0,19.0,1.0,female,city,False
492,492,5.0,2.0,5.0,5.0,3.0,5.0,4.0,5.0,4.0,few hours a day,2.0,20.0,2.0,female,city,False
493,493,5.0,2.0,5.0,3.0,2.0,5.0,2.0,2.0,3.0,most of the day,5.0,21.0,1.0,male,city,False
494,494,5.0,1.0,5.0,2.0,4.0,1.0,1.0,3.0,4.0,few hours a day,3.0,19.0,1.0,female,city,False
495,495,5.0,2.0,5.0,2.0,2.0,4.0,4.0,3.0,4.0,most of the day,4.0,20.0,2.0,female,city,False
496,496,3.0,2.0,4.0,3.0,3.0,2.0,5.0,3.0,3.0,less than an hour a day,3.0,25.0,1.0,female,city,False
497,497,5.0,1.0,3.0,3.0,1.0,1.0,1.0,1.0,2.0,less than an hour a day,3.0,20.0,1.0,female,city,False
498,498,5.0,1.0,5.0,4.0,1.0,5.0,1.0,3.0,3.0,few hours a day,2.0,19.0,3.0,female,village,False
499,499,5.0,3.0,5.0,3.0,2.0,1.0,1.0,2.0,3.0,most of the day,5.0,22.0,3.0,male,city,False
500,500,5.0,4.0,5.0,4.0,3.0,5.0,2.0,4.0,4.0,few hours a day,3.0,19.0,2.0,female,city,True
501,501,5.0,2.0,4.0,3.0,4.0,1.0,5.0,4.0,3.0,few hours a day,5.0,21.0,1.0,female,city,False
502,502,5.0,3.0,5.0,2.0,3.0,1.0,3.0,2.0,4.0,most of the day,2.0,22.0,6.0,male,village,False
503,503,5.0,5.0,5.0,4.0,5.0,3.0,4.0,3.0,3.0,few hours a day,5.0,28.0,1.0,female,city,True
504,504,5.0,1.0,5.0,3.0,5.0,5.0,1.0,1.0,4.0,few hours a day,2.0,21.0,1.0,female,village,False
505,505,5.0,1.0,5.0,2.0,3.0,1.0,1.0,2.0,3.0,few hours a day,2.0,20.0,3.0,male,village,False
506,506,5.0,2.0,5.0,2.0,2.0,4.0,2.0,1.0,4.0,few hours a day,2.0,19.0,1.0,male,city,False
507,507,5.0,1.0,4.0,3.0,2.0,3.0,5.0,4.0,3.0,few hours a day,3.0,21.0,1.0,female,village,False
508,508,5.0,1.0,5.0,3.0,1.0,3.0,4.0,2.0,4.0,few hours a day,4.0,20.0,0.0,male,village,False
509,509,4.0,4.0,4.0,5.0,1.0,4.0,1.0,1.0,5.0,few hours a day,4.0,16.0,1.0,female,village,True
510,510,5.0,2.0,4.0,3.0,3.0,5.0,1.0,2.0,3.0,less than an hour a day,3.0,22.0,1.0,male,village,False
511,511,5.0,1.0,5.0,2.0,4.0,4.0,2.0,3.0,4.0,few hours a day,4.0,19.0,2.0,male,city,False
512,512,5.0,4.0,4.0,1.0,1.0,1.0,5.0,1.0,4.0,few hours a day,5.0,22.0,1.0,female,village,True
513,513,5.0,3.0,4.0,2.0,5.0,4.0,1.0,3.0,3.0,most of the day,4.0,20.0,0.0,male,village,False
514,514,5.0,1.0,5.0,3.0,1.0,2.0,4.0,3.0,3.0,few hours a day,4.0,22.0,0.0,male,city,False
515,515,5.0,1.0,5.0,3.0,4.0,1.0,2.0,3.0,2.0,most of the day,5.0,19.0,1.0,male,city,False
516,516,5.0,4.0,5.0,5.0,1.0,5.0,5.0,3.0,5.0,few hours a day,3.0,22.0,2.0,male,city,True
517,517,5.0,4.0,5.0,4.0,2.0,2.0,1.0,1.0,4.0,few hours a day,3.0,17.0,1.0,female,village,True
518,518,5.0,4.0,4.0,3.0,1.0,5.0,2.0,4.0,4.0,less than an hour a day,4.0,18.0,1.0,female,city,True
519,519,5.0,4.0,4.0,4.0,2.0,2.0,1.0,2.0,3.0,few hours a day,1.0,19.0,1.0,male,city,True
520,520,5.0,2.0,5.0,4.0,3.0,3.0,5.0,3.0,3.0,less than an hour a day,3.0,23.0,1.0,female,city,False
521,521,5.0,3.0,5.0,3.0,1.0,4.0,1.0,4.0,3.0,few hours a day,1.0,20.0,0.0,female,city,False
522,522,5.0,4.0,5.0,2.0,1.0,5.0,2.0,1.0,3.0,few hours a day,3.0,18.0,2.0,female,city,True
523,523,5.0,3.0,5.0,2.0,NaN,4.0,1.0,3.0,3.0,few hours a day,1.0,19.0,3.0,male,village,False
524,524,5.0,1.0,5.0,3.0,3.0,5.0,2.0,3.0,4.0,less than an hour a day,4.0,19.0,4.0,female,city,False
525,525,3.0,1.0,4.0,3.0,3.0,4.0,1.0,4.0,3.0,few hours a day,3.0,28.0,2.0,female,village,False
526,526,5.0,1.0,5.0,4.0,5.0,5.0,1.0,2.0,4.0,few hours a day,4.0,21.0,1.0,male,village,False
527,527,4.0,2.0,4.0,2.0,5.0,5.0,3.0,1.0,3.0,few hours a day,4.0,23.0,1.0,female,city,False
528,528,5.0,3.0,5.0,2.0,5.0,1.0,1.0,4.0,3.0,most of the day,3.0,20.0,2.0,male,city,False
529,529,5.0,1.0,4.0,5.0,1.0,3.0,1.0,3.0,3.0,few hours a day,3.0,20.0,1.0,male,city,False
530,530,5.0,1.0,4.0,5.0,3.0,2.0,3.0,3.0,2.0,most of the day,4.0,28.0,2.0,female,city,False
531,531,5.0,1.0,5.0,5.0,3.0,1.0,2.0,4.0,1.0,few hours a day,3.0,22.0,1.0,male,village,False
532,532,5.0,4.0,5.0,5.0,1.0,1.0,2.0,2.0,4.0,few hours a day,2.0,19.0,0.0,female,city,True
533,533,5.0,3.0,5.0,3.0,3.0,1.0,1.0,4.0,3.0,few hours a day,3.0,21.0,3.0,male,city,False
534,534,5.0,2.0,5.0,3.0,1.0,5.0,5.0,4.0,3.0,few hours a day,3.0,21.0,1.0,female,city,False
535,535,5.0,4.0,5.0,3.0,3.0,5.0,1.0,3.0,3.0,few hours a day,1.0,17.0,2.0,male,village,True
536,536,5.0,5.0,5.0,3.0,1.0,5.0,5.0,1.0,3.0,few hours a day,1.0,19.0,1.0,female,city,True
537,537,5.0,2.0,5.0,4.0,2.0,1.0,2.0,2.0,3.0,few hours a day,3.0,25.0,3.0,male,city,False
538,538,5.0,3.0,5.0,4.0,1.0,5.0,5.0,1.0,3.0,few hours a day,4.0,20.0,1.0,female,village,False
539,539,5.0,1.0,5.0,5.0,1.0,1.0,4.0,5.0,3.0,most of the day,1.0,26.0,2.0,male,city,False
540,540,5.0,3.0,5.0,3.0,3.0,5.0,3.0,3.0,3.0,few hours a day,3.0,21.0,0.0,male,city,False
541,541,5.0,1.0,5.0,2.0,1.0,3.0,3.0,1.0,4.0,few hours a day,2.0,20.0,2.0,female,city,False
542,542,5.0,2.0,5.0,4.0,2.0,2.0,4.0,3.0,3.0,most of the day,2.0,29.0,1.0,NaN,city,False
543,543,5.0,4.0,5.0,3.0,2.0,2.0,4.0,3.0,4.0,most of the day,3.0,25.0,1.0,male,city,True
544,544,5.0,1.0,5.0,3.0,1.0,5.0,1.0,5.0,4.0,few hours a day,1.0,21.0,2.0,male,city,False
545,545,5.0,3.0,5.0,3.0,1.0,1.0,3.0,4.0,5.0,most of the day,3.0,20.0,3.0,male,village,False
546,546,5.0,1.0,5.0,3.0,4.0,2.0,1.0,3.0,4.0,few hours a day,4.0,27.0,3.0,male,village,False
547,547,5.0,1.0,5.0,5.0,1.0,4.0,1.0,1.0,4.0,few hours a day,3.0,21.0,2.0,male,village,False
548,548,4.0,1.0,4.0,2.0,1.0,3.0,1.0,1.0,4.0,less than an hour a day,4.0,20.0,1.0,female,city,False
549,549,5.0,4.0,4.0,2.0,1.0,2.0,2.0,3.0,3.0,less than an hour a day,3.0,NaN,1.0,female,village,True
550,550,5.0,1.0,5.0,3.0,3.0,5.0,5.0,5.0,3.0,few hours a day,1.0,17.0,3.0,female,village,False
551,551,5.0,1.0,3.0,4.0,3.0,1.0,5.0,2.0,4.0,less than an hour a day,2.0,16.0,NaN,female,village,False
552,552,5.0,2.0,5.0,4.0,3.0,5.0,5.0,3.0,2.0,few hours a day,3.0,19.0,3.0,female,city,False
553,553,3.0,3.0,4.0,2.0,3.0,5.0,5.0,3.0,3.0,few hours a day,2.0,18.0,1.0,female,village,False
554,554,4.0,3.0,4.0,2.0,5.0,3.0,2.0,3.0,3.0,few hours a day,3.0,19.0,0.0,male,village,False
555,555,5.0,2.0,4.0,1.0,1.0,3.0,1.0,4.0,2.0,few hours a day,1.0,21.0,1.0,female,village,False
556,556,5.0,2.0,5.0,2.0,1.0,2.0,5.0,2.0,4.0,few hours a day,3.0,16.0,0.0,female,city,False
557,557,5.0,1.0,5.0,5.0,1.0,5.0,5.0,3.0,4.0,few hours a day,4.0,20.0,2.0,female,city,False
558,558,NaN,2.0,3.0,3.0,2.0,4.0,5.0,2.0,4.0,few hours a day,2.0,19.0,2.0,female,city,False
559,559,5.0,1.0,5.0,1.0,1.0,2.0,1.0,5.0,3.0,most of the day,3.0,20.0,1.0,female,village,False
560,560,5.0,2.0,3.0,1.0,1.0,5.0,1.0,4.0,4.0,less than an hour a day,4.0,16.0,2.0,female,village,False
561,561,5.0,4.0,4.0,4.0,2.0,3.0,2.0,3.0,4.0,less than an hour a day,5.0,20.0,1.0,male,city,True
562,562,5.0,1.0,5.0,3.0,1.0,3.0,1.0,3.0,3.0,less than an hour a day,3.0,18.0,0.0,male,village,False
563,563,5.0,2.0,5.0,5.0,1.0,4.0,4.0,1.0,4.0,few hours a day,1.0,20.0,1.0,male,village,False
564,564,5.0,2.0,5.0,3.0,2.0,3.0,5.0,2.0,4.0,less than an hour a day,4.0,20.0,2.0,male,village,False
565,565,5.0,3.0,5.0,1.0,2.0,2.0,5.0,5.0,3.0,few hours a day,3.0,16.0,2.0,female,city,False
566,566,5.0,2.0,5.0,4.0,3.0,4.0,3.0,3.0,4.0,less than an hour a day,3.0,19.0,1.0,female,village,False
567,567,5.0,2.0,4.0,1.0,3.0,2.0,1.0,3.0,2.0,few hours a day,2.0,19.0,1.0,male,city,False
568,568,5.0,3.0,5.0,1.0,1.0,1.0,3.0,4.0,4.0,most of the day,3.0,23.0,1.0,female,city,False
569,569,5.0,2.0,5.0,4.0,3.0,5.0,2.0,3.0,3.0,few hours a day,3.0,20.0,1.0,female,city,False
570,570,5.0,1.0,5.0,4.0,1.0,3.0,1.0,3.0,3.0,few hours a day,3.0,23.0,4.0,male,village,False
571,571,3.0,4.0,4.0,1.0,4.0,4.0,3.0,4.0,5.0,few hours a day,5.0,19.0,2.0,male,village,True
572,572,5.0,1.0,4.0,2.0,3.0,5.0,2.0,2.0,4.0,few hours a day,5.0,22.0,3.0,female,city,False
573,573,4.0,4.0,5.0,3.0,1.0,4.0,5.0,1.0,3.0,most of the day,1.0,17.0,3.0,male,city,True
574,574,5.0,5.0,5.0,3.0,1.0,4.0,1.0,3.0,3.0,less than an hour a day,3.0,20.0,1.0,female,village,True
575,575,5.0,2.0,4.0,2.0,2.0,4.0,2.0,4.0,2.0,less than an hour a day,4.0,21.0,1.0,female,city,False
576,576,5.0,3.0,5.0,3.0,3.0,4.0,4.0,2.0,3.0,few hours a day,1.0,21.0,3.0,male,city,False
577,577,5.0,2.0,5.0,3.0,4.0,5.0,5.0,2.0,2.0,few hours a day,3.0,19.0,1.0,female,city,False
578,578,5.0,1.0,5.0,2.0,1.0,5.0,4.0,3.0,4.0,few hours a day,3.0,20.0,0.0,female,village,False
579,579,5.0,5.0,5.0,5.0,5.0,2.0,2.0,4.0,3.0,most of the day,1.0,19.0,0.0,male,city,True
580,580,5.0,3.0,5.0,3.0,2.0,NaN,1.0,1.0,3.0,few hours a day,5.0,21.0,0.0,male,city,False
581,581,5.0,5.0,4.0,1.0,3.0,5.0,5.0,3.0,4.0,few hours a day,4.0,22.0,1.0,female,city,True
582,582,3.0,4.0,5.0,5.0,3.0,1.0,4.0,3.0,2.0,few hours a day,5.0,22.0,3.0,male,city,True
583,583,5.0,1.0,5.0,5.0,2.0,4.0,1.0,3.0,4.0,most of the day,3.0,22.0,1.0,male,city,False
584,584,5.0,4.0,4.0,3.0,2.0,5.0,3.0,4.0,4.0,most of the day,2.0,28.0,1.0,female,city,True
585,585,5.0,4.0,4.0,2.0,1.0,3.0,3.0,3.0,4.0,less than an hour a day,3.0,21.0,1.0,male,city,True
586,586,5.0,5.0,5.0,4.0,1.0,4.0,3.0,NaN,3.0,few hours a day,2.0,21.0,2.0,male,village,True
587,587,5.0,2.0,4.0,4.0,1.0,5.0,3.0,4.0,2.0,few hours a day,2.0,17.0,3.0,female,city,False
588,588,5.0,1.0,5.0,3.0,1.0,3.0,5.0,2.0,3.0,less than an hour a day,2.0,21.0,1.0,female,city,False
589,589,5.0,2.0,5.0,5.0,1.0,4.0,5.0,3.0,4.0,few hours a day,1.0,17.0,1.0,female,village,False
590,590,5.0,1.0,5.0,4.0,5.0,4.0,1.0,3.0,4.0,few hours a day,2.0,28.0,1.0,male,city,False
591,591,4.0,1.0,3.0,3.0,1.0,3.0,1.0,1.0,3.0,few hours a day,4.0,20.0,1.0,female,city,False
592,592,5.0,4.0,4.0,3.0,1.0,5.0,1.0,3.0,4.0,few hours a day,3.0,19.0,0.0,female,city,True
593,593,5.0,1.0,4.0,2.0,1.0,5.0,2.0,2.0,3.0,less than an hour a day,4.0,21.0,1.0,female,city,False
594,594,5.0,1.0,4.0,5.0,2.0,1.0,1.0,5.0,1.0,few hours a day,2.0,23.0,1.0,male,city,False
595,595,5.0,1.0,5.0,4.0,1.0,5.0,1.0,5.0,2.0,most of the day,1.0,17.0,1.0,male,village,False
596,596,5.0,5.0,3.0,2.0,1.0,4.0,1.0,5.0,3.0,few hours a day,4.0,20.0,0.0,male,city,True
597,597,5.0,3.0,5.0,2.0,2.0,2.0,1.0,2.0,4.0,less than an hour a day,3.0,19.0,1.0,male,city,False
598,598,4.0,3.0,5.0,3.0,2.0,5.0,4.0,4.0,3.0,few hours a day,5.0,19.0,1.0,male,city,False
599,599,5.0,3.0,5.0,4.0,4.0,2.0,2.0,2.0,4.0,few hours a day,2.0,19.0,1.0,male,city,False
600,600,5.0,4.0,5.0,2.0,1.0,5.0,5.0,4.0,3.0,most of the day,3.0,18.0,0.0,female,city,True
601,601,5.0,1.0,5.0,3.0,2.0,5.0,3.0,3.0,3.0,few hours a day,3.0,19.0,1.0,female,village,False
602,602,4.0,3.0,5.0,4.0,2.0,3.0,3.0,2.0,3.0,few hours a day,5.0,22.0,1.0,male,village,False
603,603,5.0,4.0,NaN,3.0,2.0,3.0,3.0,3.0,4.0,few hours a day,3.0,21.0,1.0,female,city,True
604,604,5.0,1.0,5.0,5.0,1.0,5.0,5.0,5.0,3.0,few hours a day,3.0,21.0,1.0,female,city,False
605,605,5.0,1.0,5.0,3.0,2.0,5.0,5.0,1.0,4.0,less than an hour a day,3.0,21.0,1.0,male,village,False
606,606,4.0,1.0,5.0,2.0,2.0,4.0,1.0,4.0,4.0,few hours a day,4.0,22.0,1.0,male,village,False
607,607,3.0,1.0,4.0,4.0,1.0,5.0,2.0,2.0,5.0,less than an hour a day,3.0,19.0,1.0,female,city,False
608,608,3.0,1.0,5.0,5.0,5.0,4.0,2.0,1.0,2.0,few hours a day,3.0,25.0,1.0,male,city,False
609,609,4.0,4.0,3.0,5.0,5.0,3.0,1.0,3.0,4.0,few hours a day,4.0,18.0,2.0,male,city,True
610,610,5.0,3.0,4.0,2.0,2.0,1.0,5.0,3.0,2.0,few hours a day,3.0,20.0,1.0,male,city,False
611,611,5.0,3.0,5.0,3.0,3.0,5.0,4.0,3.0,3.0,most of the day,2.0,18.0,0.0,female,city,False
612,612,5.0,5.0,3.0,4.0,3.0,2.0,3.0,1.0,4.0,most of the day,3.0,23.0,2.0,male,village,True
613,613,5.0,3.0,5.0,4.0,1.0,5.0,5.0,4.0,4.0,most of the day,2.0,18.0,1.0,female,city,False
614,614,5.0,5.0,5.0,3.0,1.0,5.0,1.0,3.0,2.0,few hours a day,5.0,22.0,1.0,female,village,True
615,615,5.0,3.0,5.0,2.0,2.0,2.0,1.0,3.0,4.0,few hours a day,1.0,20.0,0.0,male,city,False
616,616,3.0,4.0,5.0,4.0,3.0,4.0,1.0,1.0,1.0,few hours a day,3.0,19.0,1.0,male,city,True
617,617,5.0,1.0,4.0,3.0,1.0,1.0,1.0,3.0,5.0,most of the day,3.0,19.0,1.0,female,city,False
618,618,5.0,1.0,5.0,5.0,1.0,1.0,3.0,5.0,4.0,most of the day,3.0,23.0,0.0,female,city,False
619,619,5.0,2.0,5.0,3.0,5.0,1.0,3.0,2.0,3.0,few hours a day,2.0,27.0,4.0,male,city,False
620,620,5.0,2.0,5.0,4.0,1.0,2.0,3.0,4.0,2.0,most of the day,1.0,20.0,2.0,male,city,False
621,621,4.0,5.0,5.0,1.0,1.0,3.0,5.0,5.0,4.0,most of the day,3.0,20.0,3.0,NaN,city,True
622,622,5.0,4.0,5.0,2.0,1.0,5.0,2.0,2.0,4.0,few hours a day,3.0,18.0,1.0,female,city,True
623,623,5.0,1.0,5.0,5.0,1.0,3.0,1.0,4.0,3.0,few hours a day,1.0,21.0,3.0,male,city,False
624,624,5.0,1.0,5.0,3.0,1.0,2.0,5.0,2.0,2.0,few hours a day,1.0,21.0,1.0,female,city,False
625,625,5.0,2.0,5.0,2.0,3.0,5.0,5.0,1.0,3.0,few hours a day,4.0,19.0,1.0,female,city,False
626,626,5.0,4.0,5.0,2.0,2.0,4.0,2.0,3.0,3.0,less than an hour a day,4.0,22.0,0.0,female,village,True
627,627,5.0,2.0,5.0,3.0,3.0,1.0,3.0,3.0,3.0,less than an hour a day,5.0,20.0,1.0,female,city,False
628,628,4.0,2.0,5.0,2.0,4.0,4.0,1.0,4.0,4.0,few hours a day,3.0,19.0,0.0,male,city,False
629,629,5.0,3.0,5.0,2.0,1.0,5.0,3.0,3.0,4.0,few hours a day,1.0,20.0,0.0,female,city,False
630,630,5.0,5.0,4.0,3.0,3.0,1.0,5.0,3.0,3.0,few hours a day,3.0,19.0,1.0,female,city,True
631,631,5.0,3.0,5.0,3.0,4.0,5.0,4.0,2.0,3.0,few hours a day,2.0,18.0,1.0,female,village,False
632,632,5.0,4.0,4.0,4.0,3.0,4.0,1.0,3.0,4.0,few hours a day,2.0,17.0,1.0,male,village,True
633,633,5.0,1.0,5.0,1.0,1.0,3.0,1.0,1.0,3.0,less than an hour a day,2.0,21.0,2.0,male,city,False
634,634,5.0,2.0,4.0,3.0,2.0,2.0,4.0,2.0,4.0,few hours a day,3.0,19.0,1.0,female,village,False
635,635,4.0,1.0,4.0,4.0,1.0,2.0,3.0,3.0,4.0,less than an hour a day,3.0,25.0,1.0,female,city,False
636,636,5.0,3.0,5.0,5.0,1.0,4.0,3.0,1.0,4.0,few hours a day,1.0,24.0,2.0,male,village,False
637,637,5.0,2.0,NaN,4.0,5.0,5.0,1.0,2.0,3.0,less than an hour a day,2.0,29.0,1.0,male,village,False
638,638,5.0,1.0,4.0,4.0,1.0,5.0,3.0,3.0,3.0,few hours a day,2.0,21.0,1.0,female,city,False
639,639,5.0,1.0,5.0,2.0,3.0,1.0,3.0,5.0,3.0,few hours a day,3.0,18.0,1.0,male,city,False
640,640,5.0,1.0,5.0,4.0,3.0,4.0,5.0,3.0,5.0,few hours a day,2.0,21.0,3.0,female,city,False
641,641,5.0,3.0,5.0,2.0,2.0,3.0,2.0,4.0,3.0,most of the day,4.0,17.0,2.0,male,city,False
642,642,4.0,3.0,4.0,3.0,4.0,5.0,1.0,5.0,4.0,most of the day,4.0,22.0,0.0,male,city,False
643,643,5.0,2.0,5.0,4.0,2.0,5.0,2.0,2.0,4.0,few hours a day,4.0,18.0,2.0,female,village,False
644,644,4.0,1.0,5.0,3.0,4.0,5.0,4.0,2.0,5.0,few hours a day,4.0,18.0,3.0,female,village,False
645,645,5.0,5.0,4.0,5.0,3.0,5.0,1.0,3.0,4.0,few hours a day,4.0,23.0,1.0,male,village,True
646,646,4.0,2.0,5.0,2.0,1.0,1.0,2.0,1.0,3.0,few hours a day,3.0,22.0,1.0,male,city,False
647,647,5.0,1.0,5.0,5.0,1.0,5.0,3.0,3.0,3.0,most of the day,3.0,21.0,0.0,female,village,False
648,648,5.0,2.0,5.0,2.0,2.0,2.0,4.0,2.0,3.0,few hours a day,3.0,23.0,3.0,female,city,False
649,649,5.0,2.0,5.0,3.0,1.0,5.0,5.0,4.0,3.0,few hours a day,2.0,17.0,1.0,female,city,False
650,650,5.0,3.0,5.0,3.0,4.0,5.0,2.0,4.0,2.0,few hours a day,3.0,20.0,1.0,male,city,False
651,651,5.0,4.0,5.0,5.0,1.0,2.0,1.0,2.0,3.0,few hours a day,5.0,22.0,1.0,male,city,True
652,652,4.0,1.0,5.0,3.0,4.0,1.0,4.0,5.0,4.0,few hours a day,4.0,21.0,0.0,male,city,False
653,653,5.0,1.0,5.0,3.0,1.0,5.0,2.0,3.0,4.0,few hours a day,5.0,22.0,0.0,female,village,False
654,654,4.0,3.0,4.0,4.0,3.0,4.0,4.0,3.0,3.0,few hours a day,4.0,24.0,2.0,male,village,False
655,655,5.0,4.0,5.0,1.0,3.0,1.0,4.0,4.0,4.0,few hours a day,3.0,19.0,1.0,female,village,True
656,656,5.0,1.0,5.0,5.0,5.0,5.0,5.0,3.0,NaN,few hours a day,3.0,18.0,1.0,female,city,False
657,657,5.0,1.0,5.0,1.0,1.0,3.0,4.0,3.0,3.0,most of the day,3.0,24.0,1.0,female,city,False
658,658,5.0,4.0,5.0,1.0,5.0,4.0,1.0,1.0,3.0,few hours a day,4.0,22.0,3.0,male,city,True
659,659,5.0,1.0,2.0,2.0,3.0,2.0,1.0,5.0,3.0,few hours a day,4.0,20.0,1.0,male,village,False
660,660,5.0,1.0,5.0,5.0,2.0,1.0,2.0,5.0,4.0,less than an hour a day,5.0,20.0,1.0,female,city,False
661,661,5.0,2.0,3.0,4.0,2.0,4.0,2.0,2.0,3.0,few hours a day,2.0,19.0,1.0,female,city,False
662,662,5.0,2.0,4.0,3.0,4.0,5.0,4.0,2.0,2.0,few hours a day,4.0,21.0,1.0,female,city,False
663,663,5.0,2.0,4.0,4.0,3.0,1.0,2.0,3.0,3.0,no time at all,3.0,25.0,1.0,male,city,False
664,664,5.0,1.0,5.0,3.0,1.0,2.0,2.0,2.0,4.0,few hours a day,4.0,28.0,1.0,female,village,False
665,665,5.0,4.0,5.0,4.0,1.0,5.0,3.0,3.0,3.0,few hours a day,3.0,20.0,1.0,female,city,True
666,666,5.0,1.0,4.0,3.0,1.0,5.0,2.0,5.0,3.0,few hours a day,2.0,20.0,2.0,female,city,False
667,667,5.0,1.0,3.0,5.0,2.0,4.0,2.0,2.0,3.0,few hours a day,4.0,23.0,1.0,male,city,False
668,668,5.0,1.0,4.0,2.0,4.0,2.0,2.0,4.0,2.0,few hours a day,3.0,27.0,1.0,male,city,False
669,669,4.0,4.0,4.0,4.0,2.0,3.0,2.0,3.0,3.0,few hours a day,4.0,21.0,1.0,male,village,True
670,670,5.0,2.0,3.0,3.0,2.0,4.0,1.0,3.0,3.0,few hours a day,3.0,23.0,1.0,female,city,False
671,671,5.0,4.0,4.0,3.0,3.0,5.0,2.0,3.0,4.0,few hours a day,3.0,22.0,2.0,female,city,True
672,672,3.0,1.0,4.0,3.0,1.0,5.0,5.0,3.0,3.0,few hours a day,4.0,28.0,1.0,female,city,False
673,673,4.0,1.0,4.0,3.0,1.0,5.0,4.0,4.0,3.0,less than an hour a day,4.0,22.0,2.0,female,city,False
674,674,5.0,1.0,4.0,1.0,3.0,3.0,1.0,2.0,4.0,less than an hour a day,3.0,18.0,1.0,male,city,False
675,675,5.0,3.0,5.0,3.0,2.0,2.0,4.0,3.0,4.0,most of the day,3.0,25.0,1.0,female,city,False
676,676,5.0,2.0,5.0,3.0,1.0,3.0,3.0,2.0,3.0,few hours a day,3.0,20.0,2.0,female,city,False
677,677,4.0,1.0,5.0,5.0,4.0,5.0,1.0,1.0,3.0,few hours a day,2.0,28.0,1.0,female,city,False
678,678,5.0,1.0,3.0,5.0,2.0,5.0,3.0,4.0,4.0,few hours a day,3.0,23.0,1.0,female,city,False
679,679,5.0,3.0,5.0,3.0,1.0,5.0,1.0,3.0,4.0,few hours a day,4.0,21.0,0.0,female,city,False
680,680,5.0,5.0,5.0,4.0,3.0,5.0,5.0,3.0,3.0,few hours a day,3.0,25.0,1.0,female,city,True
681,681,5.0,4.0,4.0,3.0,2.0,3.0,5.0,3.0,3.0,few hours a day,3.0,28.0,1.0,female,city,True
682,682,4.0,5.0,5.0,3.0,4.0,5.0,2.0,3.0,3.0,few hours a day,1.0,19.0,4.0,male,village,True
683,683,5.0,1.0,5.0,4.0,1.0,5.0,NaN,3.0,4.0,less than an hour a day,3.0,30.0,1.0,female,village,False
684,684,5.0,1.0,5.0,2.0,3.0,3.0,3.0,2.0,3.0,few hours a day,2.0,28.0,1.0,female,village,False
685,685,5.0,3.0,5.0,3.0,2.0,5.0,4.0,4.0,4.0,few hours a day,3.0,19.0,0.0,female,village,False
686,686,2.0,3.0,3.0,3.0,3.0,3.0,3.0,3.0,3.0,less than an hour a day,3.0,21.0,1.0,male,city,False
687,687,5.0,1.0,5.0,3.0,1.0,2.0,5.0,3.0,5.0,few hours a day,3.0,19.0,1.0,male,city,False
688,688,5.0,1.0,5.0,3.0,3.0,1.0,5.0,4.0,4.0,few hours a day,4.0,18.0,2.0,female,city,False
689,689,5.0,3.0,5.0,5.0,3.0,5.0,1.0,3.0,3.0,few hours a day,4.0,18.0,1.0,male,city,False
690,690,5.0,3.0,5.0,4.0,3.0,2.0,4.0,3.0,3.0,few hours a day,3.0,18.0,1.0,male,city,False
691,691,5.0,2.0,5.0,3.0,1.0,3.0,5.0,4.0,3.0,less than an hour a day,2.0,17.0,0.0,female,city,False
692,692,5.0,2.0,5.0,5.0,3.0,3.0,1.0,1.0,3.0,few hours a day,3.0,21.0,1.0,male,city,False
693,693,5.0,4.0,4.0,2.0,1.0,3.0,2.0,5.0,3.0,few hours a day,3.0,18.0,1.0,female,village,True
694,694,5.0,4.0,5.0,5.0,5.0,1.0,3.0,5.0,3.0,few hours a day,3.0,21.0,4.0,male,city,True
695,695,5.0,3.0,4.0,4.0,2.0,5.0,5.0,3.0,3.0,few hours a day,3.0,23.0,0.0,female,city,False
696,696,5.0,3.0,5.0,3.0,2.0,3.0,1.0,4.0,3.0,less than an hour a day,3.0,18.0,1.0,female,city,False
697,697,5.0,1.0,5.0,2.0,4.0,1.0,5.0,4.0,3.0,most of the day,2.0,20.0,1.0,female,city,False
698,698,5.0,2.0,5.0,3.0,1.0,2.0,2.0,5.0,5.0,most of the day,1.0,19.0,0.0,female,city,False
699,699,5.0,2.0,5.0,2.0,1.0,1.0,2.0,3.0,3.0,few hours a day,2.0,20.0,1.0,female,city,False
700,700,5.0,1.0,5.0,3.0,1.0,5.0,2.0,2.0,3.0,few hours a day,4.0,26.0,3.0,female,village,False
701,701,5.0,5.0,5.0,5.0,3.0,5.0,3.0,3.0,4.0,few hours a day,4.0,21.0,1.0,female,city,True
702,702,5.0,1.0,4.0,5.0,5.0,2.0,4.0,5.0,3.0,most of the day,3.0,19.0,2.0,male,city,False
703,703,4.0,1.0,5.0,3.0,1.0,5.0,1.0,1.0,3.0,few hours a day,1.0,23.0,1.0,male,city,False
704,704,5.0,2.0,5.0,2.0,1.0,4.0,5.0,3.0,3.0,less than an hour a day,3.0,21.0,2.0,female,village,False
705,705,5.0,3.0,5.0,4.0,4.0,5.0,1.0,1.0,4.0,few hours a day,3.0,22.0,1.0,female,village,False
706,706,5.0,3.0,4.0,2.0,1.0,1.0,1.0,2.0,3.0,few hours a day,1.0,18.0,2.0,male,city,False
707,707,5.0,2.0,3.0,2.0,3.0,2.0,1.0,5.0,4.0,few hours a day,4.0,21.0,1.0,female,village,False
708,708,5.0,4.0,5.0,2.0,3.0,5.0,1.0,3.0,2.0,few hours a day,3.0,23.0,1.0,male,city,True
709,709,5.0,2.0,5.0,2.0,1.0,3.0,1.0,3.0,3.0,less than an hour a day,2.0,17.0,0.0,female,city,False
710,710,4.0,1.0,5.0,3.0,5.0,2.0,2.0,1.0,4.0,few hours a day,4.0,20.0,1.0,female,city,False
711,711,4.0,1.0,3.0,3.0,1.0,5.0,2.0,4.0,3.0,few hours a day,4.0,22.0,1.0,female,village,False
712,712,5.0,1.0,5.0,1.0,1.0,3.0,5.0,1.0,4.0,few hours a day,3.0,20.0,1.0,female,village,False
713,713,5.0,2.0,3.0,5.0,1.0,3.0,5.0,3.0,3.0,most of the day,1.0,19.0,2.0,female,village,False
714,714,5.0,3.0,5.0,3.0,3.0,5.0,4.0,2.0,4.0,less than an hour a day,5.0,25.0,0.0,female,village,False
715,715,4.0,1.0,5.0,4.0,2.0,5.0,2.0,2.0,3.0,few hours a day,3.0,29.0,1.0,male,village,False
716,716,5.0,3.0,4.0,5.0,5.0,2.0,3.0,3.0,4.0,less than an hour a day,5.0,29.0,2.0,male,village,False
717,717,5.0,1.0,5.0,3.0,3.0,5.0,3.0,3.0,3.0,few hours a day,3.0,17.0,1.0,female,city,False
718,718,5.0,NaN,5.0,3.0,1.0,4.0,5.0,4.0,3.0,less than an hour a day,3.0,17.0,1.0,female,city,False
719,719,4.0,3.0,5.0,3.0,4.0,3.0,2.0,1.0,3.0,few hours a day,2.0,19.0,2.0,male,city,False
720,720,4.0,2.0,5.0,5.0,2.0,1.0,1.0,3.0,4.0,few hours a day,4.0,18.0,2.0,female,city,False
721,721,5.0,1.0,4.0,1.0,3.0,1.0,3.0,3.0,5.0,less than an hour a day,4.0,20.0,3.0,female,city,False
722,722,5.0,2.0,5.0,3.0,2.0,1.0,2.0,3.0,4.0,few hours a day,3.0,21.0,0.0,female,city,False
723,723,5.0,1.0,5.0,5.0,3.0,1.0,5.0,3.0,4.0,few hours a day,NaN,18.0,1.0,female,city,False
724,724,4.0,2.0,5.0,2.0,2.0,2.0,5.0,3.0,3.0,few hours a day,3.0,19.0,1.0,female,city,False
725,725,5.0,3.0,5.0,5.0,1.0,3.0,1.0,2.0,3.0,few hours a day,1.0,19.0,0.0,male,village,False
726,726,5.0,4.0,5.0,2.0,1.0,5.0,3.0,5.0,3.0,less than an hour a day,2.0,20.0,2.0,male,city,True
727,727,5.0,5.0,3.0,1.0,3.0,1.0,3.0,1.0,3.0,less than an hour a day,3.0,19.0,1.0,male,village,True
728,728,5.0,3.0,5.0,5.0,5.0,5.0,5.0,3.0,3.0,few hours a day,1.0,18.0,1.0,female,village,False
729,729,5.0,3.0,NaN,4.0,4.0,5.0,2.0,3.0,4.0,few hours a day,3.0,18.0,1.0,male,city,False
730,730,5.0,1.0,5.0,5.0,1.0,5.0,2.0,3.0,2.0,few hours a day,NaN,16.0,1.0,female,village,False
731,731,5.0,2.0,5.0,4.0,4.0,1.0,1.0,4.0,4.0,few hours a day,4.0,18.0,1.0,female,city,False
732,732,5.0,2.0,4.0,5.0,3.0,1.0,2.0,2.0,3.0,few hours a day,3.0,19.0,0.0,female,village,False
733,733,4.0,1.0,5.0,5.0,5.0,5.0,2.0,3.0,3.0,most of the day,3.0,24.0,2.0,female,village,False
734,734,5.0,1.0,4.0,3.0,5.0,1.0,1.0,1.0,5.0,less than an hour a day,5.0,19.0,3.0,female,city,False
735,735,2.0,1.0,3.0,4.0,3.0,3.0,3.0,2.0,5.0,no time at all,5.0,NaN,1.0,female,village,False
736,736,4.0,2.0,5.0,5.0,2.0,4.0,3.0,3.0,3.0,few hours a day,2.0,20.0,1.0,female,city,False
737,737,5.0,3.0,5.0,4.0,1.0,5.0,3.0,4.0,3.0,most of the day,3.0,21.0,0.0,female,city,False
738,738,5.0,NaN,5.0,1.0,4.0,4.0,1.0,2.0,3.0,few hours a day,2.0,23.0,2.0,male,city,False
739,739,5.0,3.0,5.0,5.0,5.0,4.0,2.0,1.0,3.0,few hours a day,4.0,23.0,0.0,male,city,False
740,740,4.0,2.0,5.0,4.0,3.0,4.0,3.0,2.0,4.0,less than an hour a day,3.0,17.0,1.0,male,city,False
741,741,5.0,1.0,5.0,5.0,5.0,1.0,1.0,4.0,5.0,few hours a day,3.0,18.0,3.0,female,city,False
742,742,5.0,5.0,5.0,3.0,4.0,1.0,2.0,1.0,1.0,few hours a day,1.0,26.0,5.0,male,village,True
743,743,2.0,1.0,1.0,1.0,3.0,2.0,1.0,3.0,4.0,few hours a day,1.0,22.0,0.0,male,city,False
744,744,5.0,NaN,5.0,3.0,1.0,3.0,1.0,4.0,2.0,less than an hour a day,2.0,22.0,2.0,male,city,False
745,745,5.0,5.0,4.0,4.0,4.0,4.0,3.0,2.0,3.0,most of the day,3.0,25.0,2.0,male,village,True
746,746,5.0,2.0,5.0,1.0,5.0,4.0,5.0,3.0,4.0,few hours a day,3.0,21.0,1.0,female,city,False
747,747,5.0,3.0,5.0,5.0,1.0,1.0,1.0,2.0,4.0,few hours a day,4.0,18.0,2.0,female,city,False
748,748,5.0,3.0,5.0,3.0,2.0,5.0,5.0,3.0,3.0,less than an hour a day,3.0,15.0,2.0,female,city,False
749,749,5.0,1.0,5.0,4.0,1.0,4.0,3.0,3.0,3.0,few hours a day,3.0,17.0,0.0,male,city,False
750,750,5.0,1.0,4.0,4.0,4.0,1.0,1.0,2.0,3.0,less than an hour a day,4.0,22.0,6.0,female,city,False
751,751,5.0,2.0,5.0,2.0,1.0,1.0,1.0,3.0,4.0,few hours a day,4.0,21.0,1.0,female,city,False
752,752,5.0,4.0,4.0,3.0,3.0,1.0,2.0,2.0,4.0,few hours a day,1.0,21.0,3.0,female,village,True
753,753,5.0,1.0,5.0,4.0,1.0,5.0,2.0,2.0,3.0,few hours a day,2.0,19.0,3.0,female,village,False
754,754,4.0,3.0,4.0,3.0,4.0,2.0,2.0,1.0,1.0,few hours a day,1.0,26.0,1.0,male,city,False
755,755,5.0,1.0,5.0,3.0,4.0,5.0,1.0,3.0,3.0,few hours a day,3.0,26.0,1.0,female,city,False
756,756,5.0,4.0,5.0,5.0,3.0,5.0,1.0,2.0,4.0,few hours a day,4.0,25.0,2.0,male,city,True
757,757,5.0,5.0,5.0,2.0,1.0,4.0,2.0,3.0,3.0,few hours a day,4.0,19.0,3.0,female,village,True
758,758,5.0,5.0,5.0,2.0,3.0,4.0,2.0,3.0,3.0,few hours a day,3.0,20.0,1.0,male,village,True
759,759,5.0,2.0,5.0,5.0,4.0,5.0,2.0,4.0,4.0,few hours a day,4.0,18.0,0.0,male,village,False
760,760,5.0,3.0,5.0,4.0,3.0,1.0,3.0,2.0,3.0,few hours a day,4.0,25.0,1.0,female,city,False
761,761,5.0,2.0,5.0,2.0,3.0,2.0,1.0,1.0,2.0,few hours a day,1.0,23.0,1.0,male,city,False
762,762,5.0,3.0,5.0,5.0,3.0,5.0,1.0,1.0,4.0,less than an hour a day,2.0,24.0,1.0,male,city,False
763,763,5.0,3.0,5.0,5.0,1.0,5.0,3.0,3.0,4.0,few hours a day,3.0,20.0,3.0,male,village,False
764,764,5.0,1.0,5.0,3.0,2.0,2.0,5.0,2.0,4.0,less than an hour a day,4.0,19.0,2.0,female,village,False
765,765,5.0,2.0,5.0,2.0,3.0,3.0,1.0,4.0,3.0,few hours a day,4.0,18.0,1.0,male,village,False
766,766,5.0,4.0,5.0,4.0,3.0,4.0,4.0,2.0,5.0,most of the day,4.0,25.0,2.0,female,city,True
767,767,1.0,2.0,4.0,3.0,3.0,3.0,3.0,1.0,3.0,few hours a day,3.0,22.0,2.0,male,city,False
768,768,4.0,3.0,4.0,3.0,2.0,4.0,4.0,3.0,2.0,few hours a day,2.0,26.0,1.0,male,city,False
769,769,3.0,3.0,5.0,4.0,4.0,4.0,2.0,3.0,3.0,less than an hour a day,4.0,19.0,0.0,female,city,False
770,770,1.0,1.0,4.0,1.0,2.0,2.0,5.0,1.0,2.0,less than an hour a day,3.0,16.0,2.0,female,city,False
771,771,5.0,1.0,5.0,3.0,3.0,1.0,1.0,3.0,3.0,few hours a day,4.0,18.0,0.0,male,city,False
772,772,5.0,1.0,5.0,3.0,1.0,4.0,4.0,2.0,3.0,few hours a day,3.0,20.0,1.0,female,city,False
773,773,5.0,2.0,5.0,3.0,3.0,4.0,5.0,4.0,3.0,less than an hour a day,3.0,17.0,0.0,female,city,False
774,774,3.0,1.0,4.0,4.0,2.0,1.0,2.0,2.0,4.0,most of the day,2.0,20.0,0.0,female,city,False
775,775,5.0,5.0,5.0,3.0,2.0,5.0,3.0,5.0,5.0,few hours a day,1.0,19.0,3.0,female,city,True
776,776,5.0,5.0,5.0,5.0,1.0,3.0,1.0,5.0,5.0,few hours a day,4.0,25.0,1.0,male,village,True
777,777,5.0,3.0,5.0,2.0,1.0,1.0,1.0,5.0,3.0,few hours a day,3.0,19.0,1.0,male,city,False
778,778,5.0,1.0,5.0,2.0,2.0,5.0,5.0,2.0,3.0,few hours a day,2.0,18.0,0.0,female,city,False
779,779,5.0,3.0,5.0,5.0,2.0,5.0,5.0,1.0,3.0,less than an hour a day,2.0,17.0,0.0,female,village,False
780,780,5.0,4.0,5.0,5.0,4.0,5.0,1.0,3.0,3.0,few hours a day,3.0,18.0,1.0,male,city,True
781,781,4.0,2.0,4.0,5.0,1.0,5.0,1.0,3.0,3.0,less than an hour a day,2.0,20.0,1.0,female,city,False
782,782,5.0,2.0,5.0,2.0,3.0,5.0,2.0,3.0,4.0,most of the day,4.0,17.0,3.0,female,village,False
783,783,5.0,4.0,5.0,5.0,2.0,5.0,1.0,3.0,3.0,few hours a day,4.0,21.0,1.0,male,village,True
784,784,4.0,4.0,5.0,4.0,2.0,1.0,2.0,3.0,4.0,few hours a day,2.0,19.0,1.0,male,city,True
785,785,4.0,1.0,5.0,5.0,1.0,4.0,1.0,3.0,2.0,few hours a day,2.0,19.0,0.0,male,city,False
786,786,5.0,3.0,4.0,4.0,2.0,1.0,1.0,2.0,4.0,few hours a day,3.0,19.0,0.0,male,city,False
787,787,5.0,3.0,5.0,5.0,3.0,2.0,1.0,2.0,4.0,few hours a day,2.0,16.0,1.0,male,city,False
788,788,5.0,1.0,4.0,2.0,1.0,1.0,1.0,3.0,3.0,less than an hour a day,4.0,18.0,2.0,female,city,False
789,789,5.0,4.0,5.0,3.0,1.0,5.0,3.0,1.0,4.0,most of the day,2.0,19.0,3.0,male,village,True
790,790,5.0,4.0,5.0,3.0,3.0,1.0,2.0,5.0,2.0,few hours a day,4.0,20.0,NaN,female,village,True
791,791,5.0,3.0,5.0,3.0,1.0,1.0,2.0,3.0,3.0,few hours a day,1.0,19.0,1.0,female,city,False
792,792,5.0,3.0,3.0,4.0,1.0,3.0,1.0,2.0,4.0,less than an hour a day,3.0,21.0,1.0,male,village,False
793,793,2.0,4.0,5.0,3.0,4.0,2.0,1.0,3.0,5.0,few hours a day,4.0,24.0,2.0,male,city,True
794,794,4.0,1.0,5.0,2.0,1.0,5.0,1.0,1.0,3.0,less than an hour a day,5.0,23.0,1.0,male,city,False
795,795,5.0,1.0,4.0,4.0,4.0,5.0,5.0,3.0,4.0,most of the day,5.0,30.0,0.0,female,city,False
796,796,3.0,2.0,3.0,3.0,4.0,4.0,5.0,2.0,4.0,less than an hour a day,4.0,27.0,3.0,male,city,False
797,797,5.0,3.0,5.0,2.0,2.0,1.0,1.0,5.0,3.0,few hours a day,3.0,19.0,1.0,male,city,False
798,798,5.0,2.0,5.0,5.0,2.0,1.0,3.0,3.0,3.0,few hours a day,3.0,18.0,2.0,female,city,False
799,799,5.0,2.0,5.0,4.0,4.0,5.0,3.0,4.0,3.0,few hours a day,4.0,18.0,2.0,male,city,False
800,800,5.0,1.0,5.0,1.0,4.0,1.0,3.0,2.0,3.0,few hours a day,5.0,17.0,2.0,male,city,False
801,801,4.0,4.0,5.0,2.0,1.0,2.0,1.0,3.0,1.0,less than an hour a day,1.0,30.0,1.0,female,village,True
802,802,5.0,4.0,5.0,3.0,1.0,4.0,5.0,1.0,3.0,few hours a day,4.0,19.0,0.0,female,city,True
803,803,5.0,1.0,5.0,3.0,1.0,3.0,5.0,3.0,4.0,most of the day,3.0,27.0,5.0,female,village,False
804,804,5.0,2.0,5.0,1.0,1.0,5.0,5.0,2.0,4.0,most of the day,1.0,21.0,1.0,female,village,False
805,805,5.0,3.0,2.0,5.0,1.0,4.0,5.0,3.0,4.0,few hours a day,3.0,17.0,3.0,female,city,False
806,806,1.0,1.0,5.0,5.0,1.0,5.0,1.0,2.0,3.0,few hours a day,3.0,20.0,1.0,male,city,False
807,807,3.0,1.0,5.0,3.0,1.0,5.0,4.0,3.0,2.0,few hours a day,3.0,20.0,0.0,male,city,False
808,808,5.0,3.0,5.0,2.0,1.0,1.0,2.0,2.0,3.0,few hours a day,2.0,20.0,1.0,male,city,False
809,809,4.0,1.0,4.0,4.0,1.0,1.0,1.0,1.0,2.0,most of the day,2.0,18.0,0.0,male,city,False
810,810,5.0,1.0,5.0,4.0,1.0,5.0,5.0,2.0,3.0,few hours a day,1.0,20.0,1.0,male,city,False
811,811,5.0,1.0,4.0,4.0,2.0,5.0,3.0,4.0,4.0,few hours a day,4.0,20.0,1.0,male,city,False
812,812,5.0,1.0,5.0,5.0,1.0,4.0,1.0,2.0,2.0,few hours a day,1.0,17.0,1.0,female,city,False
813,813,5.0,1.0,5.0,3.0,1.0,5.0,1.0,1.0,2.0,few hours a day,1.0,19.0,1.0,male,city,False
814,814,5.0,5.0,5.0,3.0,3.0,5.0,5.0,5.0,1.0,few hours a day,2.0,20.0,1.0,female,city,True
815,815,5.0,2.0,5.0,4.0,4.0,5.0,1.0,1.0,3.0,few hours a day,3.0,20.0,1.0,male,city,False
816,816,5.0,3.0,5.0,5.0,3.0,5.0,5.0,1.0,4.0,few hours a day,2.0,21.0,0.0,male,city,False
817,817,3.0,1.0,3.0,1.0,1.0,2.0,1.0,5.0,5.0,most of the day,3.0,23.0,0.0,male,city,False
818,818,4.0,4.0,3.0,4.0,1.0,4.0,1.0,2.0,3.0,few hours a day,2.0,24.0,2.0,male,village,True
819,819,5.0,2.0,4.0,3.0,3.0,5.0,2.0,1.0,3.0,less than an hour a day,4.0,17.0,0.0,female,city,False
820,820,5.0,1.0,5.0,2.0,3.0,1.0,4.0,2.0,4.0,few hours a day,2.0,18.0,1.0,female,city,False
821,821,5.0,1.0,5.0,5.0,1.0,5.0,3.0,4.0,3.0,few hours a day,1.0,17.0,1.0,male,city,False
822,822,5.0,1.0,3.0,4.0,1.0,4.0,3.0,3.0,1.0,few hours a day,4.0,19.0,1.0,female,city,False
823,823,5.0,3.0,4.0,4.0,1.0,1.0,2.0,5.0,2.0,few hours a day,2.0,21.0,0.0,male,city,False
824,824,5.0,1.0,5.0,5.0,1.0,5.0,1.0,1.0,3.0,most of the day,4.0,29.0,1.0,female,city,False
825,825,4.0,1.0,5.0,2.0,2.0,5.0,2.0,3.0,3.0,few hours a day,2.0,21.0,1.0,female,city,False
826,826,5.0,1.0,5.0,4.0,1.0,1.0,4.0,3.0,3.0,few hours a day,1.0,20.0,1.0,female,village,False
827,827,5.0,1.0,4.0,2.0,1.0,2.0,2.0,2.0,4.0,few hours a day,1.0,20.0,1.0,female,city,False
828,828,1.0,4.0,5.0,2.0,3.0,2.0,2.0,2.0,3.0,few hours a day,4.0,19.0,1.0,male,village,True
829,829,5.0,1.0,5.0,3.0,2.0,2.0,4.0,5.0,5.0,few hours a day,3.0,20.0,0.0,female,city,False
830,830,5.0,2.0,5.0,4.0,5.0,5.0,5.0,3.0,4.0,most of the day,2.0,21.0,1.0,female,city,False
831,831,5.0,3.0,5.0,4.0,3.0,3.0,3.0,3.0,4.0,few hours a day,3.0,17.0,2.0,female,village,False
832,832,5.0,1.0,3.0,3.0,1.0,2.0,5.0,2.0,3.0,few hours a day,1.0,20.0,1.0,female,village,False
833,833,3.0,2.0,5.0,3.0,2.0,1.0,2.0,3.0,3.0,few hours a day,4.0,19.0,1.0,male,city,False
834,834,4.0,2.0,5.0,2.0,1.0,3.0,4.0,2.0,4.0,less than an hour a day,2.0,21.0,1.0,male,city,False
835,835,4.0,1.0,5.0,4.0,4.0,1.0,3.0,3.0,3.0,few hours a day,3.0,19.0,0.0,male,city,False
836,836,5.0,1.0,5.0,2.0,1.0,4.0,1.0,1.0,2.0,few hours a day,1.0,19.0,0.0,male,city,False
837,837,5.0,1.0,4.0,3.0,4.0,3.0,2.0,1.0,4.0,few hours a day,2.0,20.0,3.0,male,city,False
838,838,5.0,2.0,5.0,2.0,1.0,5.0,5.0,1.0,1.0,few hours a day,3.0,21.0,0.0,female,city,False
839,839,4.0,1.0,5.0,2.0,1.0,5.0,2.0,2.0,3.0,few hours a day,2.0,23.0,1.0,female,city,False
840,840,5.0,1.0,4.0,1.0,3.0,3.0,2.0,2.0,4.0,most of the day,4.0,24.0,1.0,female,city,False
841,841,5.0,5.0,3.0,3.0,1.0,1.0,4.0,5.0,5.0,few hours a day,1.0,19.0,3.0,male,city,True
842,842,NaN,2.0,5.0,5.0,2.0,4.0,5.0,1.0,1.0,few hours a day,3.0,24.0,2.0,female,village,False
843,843,5.0,3.0,5.0,5.0,1.0,5.0,5.0,3.0,3.0,few hours a day,4.0,20.0,1.0,female,city,False
844,844,5.0,4.0,5.0,5.0,5.0,4.0,1.0,2.0,4.0,few hours a day,2.0,30.0,2.0,male,city,True
845,845,4.0,1.0,5.0,5.0,2.0,4.0,3.0,3.0,3.0,most of the day,1.0,20.0,1.0,female,city,False
846,846,5.0,5.0,5.0,2.0,2.0,5.0,5.0,4.0,4.0,few hours a day,4.0,23.0,4.0,female,city,True
847,847,5.0,1.0,5.0,3.0,1.0,5.0,4.0,5.0,1.0,few hours a day,1.0,19.0,1.0,female,city,False
848,848,5.0,2.0,3.0,1.0,1.0,2.0,1.0,1.0,2.0,few hours a day,3.0,19.0,4.0,male,city,False
849,849,3.0,1.0,5.0,1.0,5.0,4.0,4.0,5.0,2.0,most of the day,2.0,22.0,2.0,female,village,False
850,850,4.0,1.0,5.0,2.0,1.0,5.0,5.0,2.0,4.0,few hours a day,5.0,17.0,0.0,female,city,False
851,851,5.0,5.0,5.0,4.0,5.0,3.0,1.0,3.0,5.0,few hours a day,1.0,20.0,2.0,male,city,True
852,852,5.0,3.0,5.0,4.0,3.0,5.0,2.0,1.0,4.0,few hours a day,4.0,19.0,2.0,male,village,False
853,853,5.0,1.0,5.0,3.0,3.0,5.0,1.0,3.0,5.0,few hours a day,4.0,30.0,4.0,female,village,False
854,854,5.0,1.0,4.0,2.0,3.0,3.0,5.0,3.0,4.0,few hours a day,2.0,27.0,0.0,male,city,False
855,855,5.0,4.0,5.0,4.0,4.0,3.0,4.0,3.0,4.0,few hours a day,3.0,19.0,1.0,male,city,True
856,856,5.0,3.0,5.0,4.0,4.0,5.0,4.0,2.0,3.0,few hours a day,2.0,17.0,1.0,female,city,False
857,857,5.0,5.0,5.0,2.0,1.0,5.0,2.0,2.0,4.0,most of the day,4.0,20.0,1.0,male,village,True
858,858,3.0,1.0,5.0,5.0,2.0,1.0,1.0,5.0,3.0,few hours a day,4.0,20.0,2.0,male,village,False
859,859,5.0,4.0,5.0,3.0,2.0,5.0,2.0,3.0,3.0,few hours a day,2.0,20.0,1.0,male,city,True
860,860,5.0,5.0,5.0,3.0,1.0,4.0,3.0,1.0,3.0,few hours a day,2.0,20.0,2.0,male,city,True
861,861,5.0,2.0,5.0,4.0,2.0,5.0,5.0,2.0,2.0,few hours a day,1.0,18.0,1.0,female,city,False
862,862,5.0,4.0,5.0,3.0,4.0,5.0,1.0,2.0,4.0,few hours a day,2.0,21.0,2.0,male,city,True
863,863,5.0,5.0,5.0,3.0,1.0,5.0,2.0,3.0,3.0,few hours a day,3.0,21.0,1.0,male,village,True
864,864,5.0,3.0,5.0,4.0,3.0,3.0,4.0,4.0,3.0,few hours a day,2.0,20.0,1.0,male,village,False
865,865,4.0,2.0,5.0,2.0,3.0,3.0,4.0,2.0,2.0,less than an hour a day,4.0,17.0,2.0,female,city,False
866,866,4.0,1.0,3.0,5.0,2.0,3.0,1.0,3.0,2.0,most of the day,1.0,23.0,1.0,male,city,False
867,867,5.0,1.0,5.0,4.0,3.0,5.0,5.0,2.0,4.0,few hours a day,4.0,25.0,1.0,female,city,False
868,868,5.0,2.0,4.0,2.0,2.0,4.0,1.0,2.0,4.0,few hours a day,4.0,18.0,0.0,male,village,False
869,869,5.0,1.0,5.0,5.0,1.0,5.0,3.0,4.0,2.0,few hours a day,5.0,18.0,1.0,female,city,False
870,870,5.0,4.0,5.0,2.0,3.0,2.0,4.0,1.0,3.0,few hours a day,4.0,25.0,1.0,female,city,True
871,871,5.0,3.0,5.0,5.0,5.0,5.0,5.0,5.0,5.0,most of the day,1.0,21.0,1.0,male,village,False
872,872,5.0,4.0,5.0,2.0,1.0,2.0,2.0,3.0,3.0,few hours a day,3.0,20.0,1.0,male,village,True
873,873,4.0,4.0,5.0,3.0,2.0,2.0,2.0,2.0,3.0,few hours a day,3.0,21.0,0.0,male,city,True
874,874,5.0,3.0,5.0,3.0,1.0,4.0,2.0,2.0,4.0,few hours a day,4.0,18.0,1.0,female,city,False
875,875,5.0,4.0,5.0,1.0,1.0,5.0,1.0,3.0,3.0,few hours a day,1.0,20.0,2.0,female,village,True
876,876,5.0,3.0,5.0,2.0,5.0,4.0,2.0,4.0,3.0,few hours a day,5.0,19.0,1.0,male,city,False
877,877,5.0,1.0,5.0,4.0,3.0,2.0,1.0,3.0,5.0,few hours a day,4.0,22.0,2.0,male,city,False
878,878,4.0,4.0,5.0,2.0,4.0,4.0,2.0,2.0,4.0,less than an hour a day,4.0,26.0,3.0,male,city,True
879,879,4.0,5.0,5.0,2.0,4.0,5.0,1.0,2.0,3.0,less than an hour a day,2.0,23.0,0.0,male,city,True
880,880,5.0,4.0,5.0,3.0,1.0,4.0,2.0,2.0,4.0,few hours a day,4.0,18.0,1.0,female,city,True
881,881,5.0,1.0,5.0,5.0,1.0,5.0,4.0,3.0,2.0,few hours a day,4.0,18.0,1.0,female,city,False
882,882,5.0,4.0,5.0,3.0,1.0,1.0,1.0,3.0,4.0,few hours a day,2.0,16.0,1.0,female,city,True
883,883,5.0,3.0,5.0,4.0,1.0,1.0,1.0,4.0,4.0,few hours a day,4.0,19.0,2.0,female,village,False
884,884,5.0,4.0,5.0,3.0,4.0,5.0,5.0,4.0,3.0,few hours a day,1.0,19.0,1.0,female,city,True
885,885,3.0,3.0,4.0,3.0,2.0,5.0,1.0,2.0,4.0,few hours a day,2.0,23.0,0.0,female,city,False
886,886,5.0,2.0,5.0,1.0,4.0,1.0,1.0,2.0,2.0,few hours a day,2.0,21.0,1.0,male,city,False
887,887,4.0,3.0,2.0,2.0,3.0,3.0,3.0,3.0,3.0,less than an hour a day,4.0,19.0,1.0,male,city,False
888,888,5.0,2.0,5.0,4.0,1.0,5.0,3.0,2.0,4.0,less than an hour a day,2.0,20.0,1.0,female,city,False
889,889,5.0,2.0,5.0,5.0,1.0,1.0,4.0,4.0,2.0,few hours a day,1.0,22.0,1.0,female,city,False
890,890,5.0,4.0,5.0,1.0,4.0,3.0,2.0,3.0,3.0,few hours a day,3.0,20.0,1.0,male,city,True
891,891,5.0,3.0,5.0,4.0,2.0,4.0,3.0,3.0,3.0,few hours a day,3.0,21.0,2.0,male,village,False
892,892,5.0,1.0,5.0,3.0,4.0,2.0,3.0,2.0,3.0,few hours a day,3.0,19.0,1.0,male,city,False
893,893,5.0,3.0,2.0,2.0,3.0,2.0,2.0,3.0,3.0,less than an hour a day,4.0,17.0,0.0,female,village,False
894,894,5.0,1.0,5.0,2.0,1.0,4.0,3.0,2.0,4.0,few hours a day,4.0,19.0,2.0,female,city,False
895,895,4.0,3.0,4.0,2.0,1.0,4.0,3.0,3.0,3.0,few hours a day,3.0,16.0,1.0,male,village,False
896,896,5.0,1.0,5.0,4.0,1.0,3.0,2.0,2.0,3.0,few hours a day,4.0,22.0,1.0,male,village,False
897,897,5.0,2.0,4.0,2.0,4.0,3.0,2.0,2.0,3.0,few hours a day,2.0,23.0,2.0,male,city,False
898,898,5.0,1.0,5.0,4.0,1.0,3.0,2.0,2.0,3.0,less than an hour a day,3.0,28.0,2.0,female,village,False
899,899,5.0,1.0,3.0,4.0,3.0,5.0,1.0,3.0,3.0,few hours a day,2.0,20.0,2.0,male,city,False
900,900,5.0,1.0,4.0,2.0,2.0,3.0,2.0,3.0,4.0,few hours a day,3.0,21.0,1.0,male,city,False
901,901,4.0,1.0,5.0,4.0,1.0,5.0,5.0,2.0,4.0,less than an hour a day,4.0,22.0,1.0,female,city,False
902,902,5.0,2.0,5.0,4.0,3.0,3.0,4.0,2.0,3.0,few hours a day,2.0,NaN,NaN,male,city,False
903,903,5.0,1.0,3.0,5.0,5.0,3.0,1.0,2.0,4.0,few hours a day,4.0,19.0,1.0,male,city,False
904,904,3.0,1.0,5.0,3.0,2.0,1.0,1.0,2.0,4.0,few hours a day,3.0,24.0,1.0,female,city,False
905,905,5.0,3.0,5.0,5.0,1.0,2.0,1.0,1.0,3.0,few hours a day,4.0,23.0,1.0,male,city,False
906,906,5.0,5.0,5.0,5.0,1.0,1.0,3.0,3.0,4.0,less than an hour a day,2.0,21.0,2.0,female,city,True
907,907,5.0,1.0,4.0,2.0,2.0,2.0,3.0,3.0,1.0,most of the day,1.0,22.0,1.0,female,city,False
908,908,5.0,3.0,5.0,2.0,2.0,2.0,3.0,4.0,4.0,few hours a day,3.0,18.0,1.0,male,city,False
909,909,5.0,2.0,3.0,3.0,2.0,3.0,2.0,5.0,5.0,less than an hour a day,4.0,28.0,2.0,female,city,False
910,910,5.0,1.0,5.0,5.0,4.0,1.0,1.0,2.0,4.0,few hours a day,4.0,18.0,0.0,female,city,False
911,911,5.0,1.0,4.0,5.0,5.0,5.0,1.0,4.0,4.0,few hours a day,4.0,23.0,1.0,female,village,False
912,912,5.0,3.0,4.0,4.0,3.0,4.0,NaN,3.0,4.0,less than an hour a day,4.0,22.0,1.0,female,village,False
913,913,5.0,3.0,5.0,4.0,3.0,2.0,5.0,4.0,3.0,few hours a day,4.0,21.0,1.0,female,city,False
914,914,5.0,2.0,5.0,5.0,3.0,3.0,1.0,5.0,2.0,few hours a day,1.0,20.0,1.0,female,city,False
915,915,4.0,4.0,5.0,1.0,2.0,5.0,4.0,3.0,4.0,few hours a day,5.0,18.0,1.0,female,city,True
916,916,4.0,1.0,5.0,4.0,1.0,4.0,1.0,4.0,3.0,few hours a day,1.0,21.0,1.0,male,city,False
917,917,5.0,3.0,5.0,3.0,3.0,3.0,1.0,2.0,2.0,few hours a day,2.0,20.0,1.0,male,village,False
918,918,4.0,1.0,5.0,5.0,2.0,4.0,1.0,4.0,3.0,most of the day,4.0,21.0,1.0,female,village,False
919,919,5.0,1.0,5.0,5.0,2.0,1.0,2.0,3.0,4.0,few hours a day,2.0,21.0,1.0,female,city,False
920,920,4.0,1.0,3.0,3.0,1.0,1.0,3.0,1.0,3.0,few hours a day,3.0,20.0,2.0,female,city,False
921,921,5.0,3.0,4.0,2.0,3.0,4.0,2.0,2.0,1.0,few hours a day,4.0,17.0,0.0,male,city,False
922,922,5.0,4.0,5.0,2.0,3.0,5.0,5.0,3.0,3.0,few hours a day,3.0,20.0,1.0,female,city,True
923,923,5.0,3.0,5.0,3.0,1.0,3.0,4.0,4.0,4.0,few hours a day,2.0,23.0,3.0,female,city,False
924,924,5.0,1.0,5.0,3.0,1.0,5.0,1.0,1.0,4.0,few hours a day,4.0,19.0,0.0,female,city,False
925,925,5.0,2.0,5.0,3.0,1.0,5.0,4.0,2.0,5.0,few hours a day,5.0,20.0,0.0,female,city,False
926,926,5.0,1.0,5.0,2.0,3.0,1.0,1.0,2.0,3.0,few hours a day,4.0,22.0,1.0,male,city,False
927,927,5.0,3.0,5.0,1.0,1.0,5.0,1.0,3.0,4.0,few hours a day,4.0,19.0,1.0,female,city,False
928,928,5.0,3.0,5.0,3.0,1.0,5.0,5.0,3.0,2.0,few hours a day,4.0,19.0,0.0,female,city,False
929,929,3.0,3.0,3.0,4.0,3.0,3.0,2.0,1.0,3.0,few hours a day,3.0,27.0,1.0,female,city,False
930,930,5.0,3.0,5.0,3.0,1.0,1.0,5.0,5.0,3.0,few hours a day,3.0,18.0,5.0,female,city,False
931,931,5.0,2.0,5.0,1.0,2.0,3.0,1.0,4.0,4.0,most of the day,4.0,18.0,2.0,male,city,False
932,932,5.0,4.0,5.0,1.0,3.0,2.0,5.0,2.0,4.0,few hours a day,5.0,20.0,1.0,female,city,True
933,933,5.0,1.0,5.0,4.0,2.0,5.0,5.0,4.0,3.0,few hours a day,3.0,17.0,3.0,female,city,False
934,934,5.0,4.0,5.0,2.0,2.0,4.0,4.0,2.0,3.0,few hours a day,2.0,19.0,0.0,NaN,city,True
935,935,5.0,1.0,5.0,3.0,1.0,5.0,5.0,3.0,3.0,few hours a day,3.0,16.0,1.0,female,city,False
936,936,4.0,3.0,4.0,2.0,2.0,2.0,5.0,4.0,3.0,few hours a day,2.0,21.0,0.0,female,city,False
937,937,5.0,2.0,5.0,3.0,5.0,5.0,3.0,5.0,2.0,few hours a day,5.0,18.0,4.0,female,village,False
938,938,5.0,5.0,5.0,4.0,5.0,5.0,3.0,5.0,5.0,few hours a day,1.0,19.0,0.0,female,city,True
939,939,4.0,4.0,5.0,2.0,3.0,4.0,5.0,2.0,4.0,few hours a day,3.0,20.0,0.0,female,city,True
940,940,5.0,5.0,NaN,4.0,3.0,4.0,3.0,2.0,4.0,few hours a day,2.0,16.0,4.0,male,city,True
941,941,5.0,1.0,5.0,2.0,2.0,2.0,2.0,5.0,1.0,few hours a day,1.0,18.0,3.0,female,village,False
942,942,5.0,5.0,5.0,4.0,1.0,5.0,1.0,5.0,3.0,most of the day,4.0,24.0,0.0,male,village,True
943,943,4.0,2.0,5.0,3.0,4.0,5.0,2.0,2.0,3.0,less than an hour a day,2.0,22.0,2.0,female,city,False
944,944,5.0,2.0,5.0,4.0,2.0,5.0,5.0,2.0,4.0,few hours a day,3.0,19.0,1.0,female,village,False
945,945,5.0,1.0,3.0,4.0,5.0,5.0,1.0,1.0,3.0,few hours a day,1.0,22.0,1.0,male,city,False
946,946,5.0,2.0,5.0,3.0,1.0,1.0,4.0,4.0,3.0,few hours a day,1.0,22.0,0.0,male,city,False
947,947,5.0,1.0,4.0,2.0,1.0,3.0,3.0,4.0,3.0,few hours a day,3.0,16.0,1.0,female,village,False
948,948,5.0,2.0,5.0,4.0,5.0,5.0,4.0,2.0,4.0,few hours a day,4.0,18.0,1.0,female,village,False
949,949,5.0,2.0,5.0,1.0,2.0,5.0,1.0,3.0,3.0,most of the day,3.0,18.0,3.0,female,city,False
950,950,5.0,3.0,5.0,4.0,1.0,5.0,5.0,5.0,3.0,most of the day,5.0,15.0,0.0,male,village,False
951,951,4.0,5.0,5.0,1.0,3.0,1.0,3.0,4.0,1.0,most of the day,1.0,26.0,3.0,male,city,True
952,952,5.0,4.0,4.0,3.0,5.0,2.0,2.0,2.0,4.0,few hours a day,5.0,19.0,1.0,male,city,True
953,953,5.0,1.0,5.0,4.0,3.0,4.0,5.0,3.0,3.0,few hours a day,4.0,20.0,1.0,female,city,False
954,954,5.0,4.0,4.0,2.0,4.0,4.0,3.0,2.0,4.0,few hours a day,3.0,20.0,0.0,female,city,True
955,955,5.0,1.0,4.0,5.0,5.0,5.0,2.0,2.0,3.0,few hours a day,3.0,19.0,1.0,female,city,False
956,956,5.0,1.0,5.0,3.0,2.0,4.0,1.0,4.0,3.0,most of the day,3.0,20.0,2.0,male,city,False
957,957,5.0,2.0,4.0,3.0,1.0,1.0,3.0,3.0,4.0,few hours a day,3.0,20.0,5.0,male,city,False
958,958,5.0,4.0,4.0,3.0,1.0,5.0,5.0,3.0,4.0,few hours a day,2.0,22.0,2.0,female,city,True
959,959,4.0,1.0,4.0,4.0,3.0,4.0,5.0,4.0,4.0,few hours a day,2.0,24.0,1.0,female,city,False
960,960,5.0,1.0,5.0,5.0,3.0,1.0,3.0,1.0,3.0,few hours a day,3.0,NaN,NaN,female,city,False
961,961,5.0,4.0,5.0,5.0,5.0,5.0,1.0,3.0,3.0,few hours a day,5.0,20.0,3.0,male,village,True
962,962,5.0,1.0,3.0,5.0,3.0,1.0,1.0,4.0,4.0,less than an hour a day,5.0,21.0,1.0,female,village,False
963,963,4.0,4.0,5.0,5.0,1.0,3.0,1.0,1.0,1.0,most of the day,4.0,23.0,0.0,male,city,True
964,964,5.0,2.0,3.0,3.0,2.0,4.0,3.0,3.0,3.0,few hours a day,4.0,21.0,3.0,male,city,False
965,965,5.0,4.0,5.0,5.0,1.0,1.0,5.0,5.0,3.0,few hours a day,3.0,17.0,2.0,female,city,True
966,966,5.0,1.0,5.0,5.0,1.0,5.0,1.0,1.0,1.0,less than an hour a day,1.0,19.0,1.0,female,city,False
967,967,5.0,2.0,5.0,5.0,5.0,4.0,1.0,2.0,4.0,few hours a day,4.0,18.0,1.0,male,city,False
968,968,5.0,3.0,5.0,2.0,5.0,4.0,1.0,2.0,3.0,few hours a day,3.0,19.0,2.0,male,city,False
969,969,5.0,1.0,5.0,3.0,3.0,1.0,2.0,1.0,2.0,few hours a day,2.0,19.0,2.0,male,village,False
970,970,5.0,1.0,5.0,2.0,4.0,3.0,2.0,5.0,3.0,few hours a day,1.0,22.0,1.0,male,city,False
971,971,5.0,3.0,4.0,3.0,3.0,3.0,3.0,2.0,4.0,few hours a day,4.0,18.0,1.0,male,city,False
972,972,5.0,2.0,5.0,3.0,3.0,5.0,5.0,2.0,4.0,less than an hour a day,3.0,19.0,0.0,female,city,False
973,973,5.0,1.0,4.0,2.0,1.0,4.0,2.0,2.0,3.0,most of the day,4.0,20.0,2.0,female,city,False
974,974,5.0,2.0,5.0,3.0,5.0,3.0,3.0,1.0,1.0,few hours a day,3.0,21.0,0.0,female,city,False
975,975,5.0,5.0,5.0,5.0,1.0,5.0,5.0,1.0,2.0,most of the day,3.0,23.0,1.0,female,village,True
976,976,5.0,2.0,5.0,2.0,4.0,2.0,4.0,2.0,4.0,few hours a day,4.0,19.0,1.0,female,city,False
977,977,5.0,4.0,5.0,2.0,3.0,3.0,2.0,2.0,2.0,few hours a day,2.0,19.0,1.0,male,village,True
978,978,5.0,1.0,5.0,5.0,2.0,4.0,4.0,4.0,4.0,few hours a day,2.0,21.0,2.0,female,city,False
979,979,5.0,2.0,5.0,5.0,3.0,4.0,4.0,2.0,3.0,few hours a day,3.0,19.0,0.0,male,city,False
980,980,5.0,1.0,5.0,5.0,1.0,3.0,5.0,2.0,4.0,less than an hour a day,1.0,18.0,2.0,female,city,False
981,981,5.0,1.0,5.0,5.0,1.0,1.0,5.0,4.0,2.0,most of the day,5.0,19.0,1.0,female,village,False
982,982,5.0,1.0,4.0,1.0,3.0,4.0,1.0,3.0,4.0,few hours a day,2.0,18.0,2.0,male,city,False
983,983,5.0,2.0,5.0,2.0,1.0,4.0,5.0,2.0,3.0,few hours a day,2.0,22.0,2.0,female,village,False
984,984,5.0,1.0,4.0,1.0,1.0,4.0,5.0,3.0,1.0,most of the day,4.0,21.0,1.0,female,city,False
985,985,5.0,1.0,5.0,4.0,1.0,2.0,4.0,3.0,1.0,few hours a day,5.0,20.0,1.0,female,city,False
986,986,4.0,4.0,4.0,5.0,5.0,1.0,1.0,3.0,3.0,few hours a day,1.0,19.0,3.0,female,city,True
987,987,4.0,1.0,4.0,5.0,2.0,2.0,2.0,4.0,2.0,few hours a day,3.0,20.0,1.0,male,city,False
988,988,5.0,NaN,5.0,5.0,4.0,1.0,1.0,5.0,3.0,few hours a day,1.0,19.0,0.0,male,city,False
989,989,5.0,5.0,3.0,5.0,1.0,1.0,1.0,5.0,3.0,most of the day,3.0,30.0,2.0,female,village,True
990,990,5.0,1.0,5.0,3.0,1.0,1.0,1.0,2.0,2.0,few hours a day,1.0,29.0,1.0,male,city,False
991,991,5.0,2.0,5.0,4.0,1.0,5.0,3.0,2.0,1.0,most of the day,3.0,21.0,0.0,male,city,False
992,992,4.0,5.0,4.0,5.0,5.0,1.0,5.0,3.0,3.0,most of the day,1.0,30.0,1.0,male,city,True
993,993,5.0,2.0,5.0,1.0,1.0,2.0,3.0,4.0,3.0,few hours a day,4.0,21.0,0.0,female,city,False
994,994,5.0,1.0,5.0,5.0,1.0,5.0,4.0,3.0,4.0,few hours a day,3.0,20.0,0.0,female,city,False
995,995,5.0,5.0,5.0,3.0,4.0,5.0,1.0,4.0,4.0,few hours a day,4.0,18.0,0.0,female,city,True
996,996,5.0,1.0,3.0,4.0,1.0,2.0,2.0,2.0,4.0,few hours a day,3.0,20.0,0.0,male,NaN,False
997,997,5.0,1.0,4.0,1.0,2.0,5.0,4.0,2.0,NaN,less than an hour a day,3.0,19.0,1.0,female,NaN,False
998,998,5.0,5.0,5.0,3.0,5.0,1.0,1.0,2.0,3.0,few hours a day,4.0,28.0,1.0,male,city,True
999,999,5.0,5.0,4.0,4.0,5.0,1.0,2.0,3.0,3.0,few hours a day,3.0,19.0,1.0,male,city,True
1000,1000,5.0,3.0,5.0,3.0,1.0,5.0,1.0,3.0,2.0,few hours a day,1.0,16.0,1.0,female,city,False
1001,1001,5.0,3.0,3.0,3.0,1.0,4.0,1.0,2.0,2.0,few hours a day,2.0,18.0,2.0,female,city,False
1002,1002,5.0,3.0,3.0,2.0,1.0,2.0,1.0,3.0,2.0,few hours a day,4.0,22.0,1.0,male,city,False
1003,1003,4.0,4.0,5.0,3.0,1.0,5.0,4.0,3.0,4.0,few hours a day,3.0,20.0,1.0,female,city,True
1004,1004,5.0,5.0,5.0,3.0,2.0,4.0,3.0,3.0,2.0,few hours a day,4.0,22.0,1.0,male,city,True
1005,1005,5.0,3.0,5.0,4.0,1.0,4.0,2.0,4.0,4.0,few hours a day,3.0,20.0,1.0,female,city,False
1006,1006,4.0,4.0,5.0,4.0,5.0,5.0,1.0,1.0,4.0,less than an hour a day,3.0,27.0,5.0,male,village,True
1007,1007,4.0,1.0,4.0,2.0,3.0,5.0,2.0,4.0,4.0,most of the day,1.0,18.0,0.0,female,city,False
1008,1008,5.0,2.0,5.0,3.0,1.0,4.0,3.0,3.0,3.0,most of the day,3.0,25.0,1.0,female,city,False
1009,1009,5.0,3.0,5.0,2.0,2.0,5.0,1.0,3.0,3.0,few hours a day,5.0,21.0,1.0,male,village,False